"Canada – Study permit holders by country of citizenship and year in which permit(s) became effective, January 2015 - August 2020",,,,,,,,,,,,,,,,,,,,,,,,,,,,,,,,,,,,,,,,,,,,,,,,,,,,,,,,,,,,,,,,,,,,,,,,,,,,,,,,,,,,,,,,,,,,,,,,,
,,,,,,,,,,,,,,,,,,,,,,,,,,,,,,,,,,,,,,,,,,,,,,,,,,,,,,,,,,,,,,,,,,,,,,,,,,,,,,,,,,,,,,,,,,,,,,,,,
Country of Citizenship,2015,,,,,,,,,,,,,,,,,2016,,,,,,,,,,,,,,,,,2017,,,,,,,,,,,,,,,,,2018,,,,,,,,,,,,,,,,,2019,,,,,,,,,,,,,,,,,2020,,,,,,,,,,,
,Q1,,,,Q2,,,,Q3,,,,Q4,,,,2015 Total,Q1,,,,Q2,,,,Q3,,,,Q4,,,,2016 Total,Q1,,,,Q2,,,,Q3,,,,Q4,,,,2017 Total,Q1,,,,Q2,,,,Q3,,,,Q4,,,,2018 Total,Q1,,,,Q2,,,,Q3,,,,Q4,,,,2019 Total,Q1,,,,Q2,,,,Q3,,,2020 Total
,Jan,Feb,Mar,Q1 Total,Apr,May,Jun,Q2 Total,Jul,Aug,Sep,Q3 Total,Oct,Nov,Dec,Q4 Total,,Jan,Feb,Mar,Q1 Total,Apr,May,Jun,Q2 Total,Jul,Aug,Sep,Q3 Total,Oct,Nov,Dec,Q4 Total,,Jan,Feb,Mar,Q1 Total,Apr,May,Jun,Q2 Total,Jul,Aug,Sep,Q3 Total,Oct,Nov,Dec,Q4 Total,,Jan,Feb,Mar,Q1 Total,Apr,May,Jun,Q2 Total,Jul,Aug,Sep,Q3 Total,Oct,Nov,Dec,Q4 Total,,Jan,Feb,Mar,Q1 Total,Apr,May,Jun,Q2 Total,Jul,Aug,Sep,Q3 Total,Oct,Nov,Dec,Q4 Total,,Jan,Feb,Mar,Q1 Total,Apr,May,Jun,Q2 Total,Jul,Aug,Q3 Total,
Afghanistan,10,--,--,15,10,5,5,20,10,10,15,35,5,10,10,25,90,10,--,10,25,--,10,15,30,10,10,15,35,5,5,15,25,105,15,--,5,20,5,5,5,20,10,10,20,35,5,5,5,20,85,10,--,0,10,10,--,5,20,10,10,10,30,10,5,--,20,75,10,--,10,25,5,10,--,15,10,15,15,40,5,--,5,15,95,--,--,5,15,5,15,--,25,10,10,20,60
Albania,10,5,--,15,10,5,5,25,10,15,20,45,10,--,15,30,110,15,--,10,25,5,10,20,35,15,25,20,60,10,20,15,45,155,10,--,10,20,10,10,15,35,15,50,25,85,15,15,15,45,175,15,10,--,25,15,20,10,45,30,55,25,110,20,20,25,65,240,25,25,15,65,20,10,25,55,45,85,35,160,30,20,40,95,350,35,5,20,60,15,45,25,85,25,20,40,170
Algeria,60,40,55,155,55,55,45,155,120,170,135,415,100,105,135,335,960,75,60,35,170,45,60,50,155,40,140,135,315,60,45,100,205,800,100,35,40,175,35,50,35,120,90,185,170,440,70,80,135,285,965,125,50,50,230,100,70,85,250,140,270,215,625,130,95,160,385,"1,450",270,75,80,425,90,70,130,290,160,485,540,"1,185",210,190,390,790,"2,650",370,80,55,500,105,180,105,390,100,180,280,"1,140"
Andorra,--,0,0,--,0,0,--,--,--,--,0,--,0,0,0,0,--,0,0,0,0,0,0,0,0,0,--,0,--,0,0,0,0,--,0,0,0,0,0,0,--,--,0,0,0,0,0,0,0,0,--,0,0,0,0,0,0,0,0,0,--,--,--,0,0,0,0,--,0,0,0,0,0,0,0,0,0,--,--,--,--,0,0,--,--,0,0,0,0,0,0,0,0,0,0,0,0
Angola,15,--,--,15,0,--,--,5,--,10,--,15,10,10,10,30,65,25,--,--,30,--,5,20,30,--,10,5,15,--,--,--,5,75,--,--,--,5,--,--,5,10,--,--,10,15,--,5,0,10,35,5,--,--,5,0,--,0,--,--,5,--,10,--,10,--,10,35,--,10,5,20,5,30,10,45,10,40,5,55,--,0,--,--,120,10,--,0,10,--,0,--,--,--,10,10,25
Anguilla,0,0,0,0,0,0,0,0,0,0,0,0,0,0,0,0,0,0,0,0,0,0,0,0,0,0,0,0,0,0,0,0,0,0,0,0,0,0,0,0,0,0,0,0,0,0,0,0,0,0,0,0,0,0,0,0,0,0,0,0,0,0,0,0,0,0,0,0,0,0,0,0,0,0,0,0,0,--,0,--,0,0,0,0,--,0,0,0,0,0,0,0,0,0,0,0,0
Antigua and Barbuda,--,--,--,5,--,0,--,--,5,20,20,45,--,--,5,10,65,--,--,--,10,10,--,--,15,5,20,15,45,--,0,5,10,75,5,5,--,15,--,--,5,10,5,25,25,60,5,5,5,15,95,5,--,--,10,--,--,10,10,10,25,20,60,5,--,--,10,90,10,--,--,15,--,--,5,10,5,25,25,55,5,0,--,5,80,--,--,--,10,--,5,--,10,--,10,10,30
Argentina,15,5,10,30,5,5,5,20,20,40,20,80,5,10,15,30,150,20,10,10,35,10,10,15,30,15,35,20,70,20,5,15,45,175,15,10,--,30,10,10,15,35,15,45,35,95,15,5,15,40,190,20,15,15,45,20,15,20,55,20,45,20,80,15,20,15,50,220,25,25,10,60,15,5,30,50,20,60,25,105,20,20,25,65,270,20,10,20,50,10,10,20,40,10,25,35,120
Armenia,--,--,0,5,0,--,--,--,--,5,--,10,--,--,--,5,15,--,--,0,--,--,--,--,5,--,5,--,10,--,5,--,10,30,--,0,--,--,--,--,0,--,--,--,--,10,--,--,--,5,20,5,--,0,5,0,--,--,--,--,--,0,--,--,--,--,10,20,--,--,--,5,--,0,--,--,--,--,5,10,0,--,--,--,20,--,--,--,5,0,--,0,--,--,0,--,10
Aruba,0,0,0,0,0,0,0,0,0,0,0,0,0,0,0,0,0,0,0,0,0,0,0,0,0,0,0,0,0,0,0,0,0,0,0,0,0,0,0,0,0,0,0,0,0,0,0,0,0,0,0,0,0,0,0,0,0,0,0,0,0,0,0,0,0,--,--,--,0,0,0,0,0,0,0,0,0,--,0,--,0,0,0,0,--,0,0,0,0,0,0,0,0,0,0,0,0
Australia,45,15,15,75,10,15,20,45,60,145,70,275,20,15,50,85,465,65,30,10,105,15,25,30,70,35,130,50,210,25,15,60,105,470,65,10,15,95,10,30,20,55,45,140,60,245,25,15,50,95,480,60,20,20,95,20,20,25,65,40,125,45,210,15,15,75,100,465,45,10,20,75,20,15,15,45,30,125,60,215,10,10,60,80,410,40,15,5,60,15,25,10,45,10,35,45,145
Austria,5,--,--,10,--,--,5,10,10,60,15,85,0,--,--,5,105,10,5,--,20,--,--,10,10,--,65,30,100,10,--,10,20,150,5,--,--,10,5,5,--,15,5,55,25,85,5,--,--,10,120,15,5,--,20,10,--,10,20,--,65,20,90,5,5,5,15,140,10,--,5,20,--,--,5,10,10,60,25,95,5,5,--,10,130,5,--,--,10,--,5,--,10,--,5,10,25
Azerbaijan,5,--,--,10,--,--,--,10,--,10,20,30,--,--,15,20,70,10,5,5,25,5,10,10,25,5,25,20,50,--,--,10,15,105,--,--,--,10,5,10,5,20,10,25,30,65,5,10,15,30,125,10,--,5,15,10,5,10,25,5,35,20,65,10,10,10,30,130,10,--,10,25,10,10,10,35,10,45,25,80,--,5,10,20,155,15,--,10,25,10,10,--,20,5,15,20,60
"Bahama Islands, The",25,--,5,35,10,15,15,40,35,180,100,315,10,10,35,55,440,45,20,10,70,15,25,25,60,20,260,180,460,10,30,55,95,680,65,5,20,90,15,30,20,65,60,295,175,530,20,25,55,105,775,50,10,10,75,20,20,40,80,50,385,125,560,30,25,50,105,810,60,15,25,100,35,35,40,105,60,375,115,555,35,20,60,110,865,60,10,15,85,35,50,15,90,30,60,90,265
Bahrain,--,--,--,--,--,0,0,--,5,10,5,20,--,--,--,5,30,--,--,0,5,--,--,--,10,--,10,15,25,--,--,--,5,40,--,--,--,5,0,--,--,--,--,10,15,30,--,--,5,10,45,--,--,--,5,0,--,--,5,--,10,--,20,0,--,--,--,35,--,--,--,--,--,--,--,10,5,15,--,25,0,--,--,--,40,--,--,--,--,--,--,--,10,0,5,5,20
Bangladesh,90,35,45,170,55,55,50,160,125,415,260,795,55,65,160,275,"1,365",145,85,75,300,100,125,130,355,75,385,330,790,100,110,225,430,"1,795",265,65,65,395,180,150,85,415,115,810,450,"1,370",140,140,490,765,"2,825",290,85,105,475,410,240,215,855,170,"1,120",575,"1,860",140,220,795,"1,150","4,155",435,160,235,825,350,305,205,855,300,"1,450",630,"2,385",145,140,775,"1,055","4,945",350,115,120,585,325,615,345,"1,265",300,170,470,"2,230"
Barbados,10,--,--,15,5,--,5,15,15,90,30,135,5,5,10,25,185,15,10,5,30,5,20,10,35,15,105,30,150,--,10,10,20,230,15,5,--,25,5,5,10,25,15,120,35,165,--,15,5,25,230,20,5,5,30,15,5,10,30,20,120,30,165,10,10,15,40,260,20,5,10,35,10,5,15,30,25,145,30,200,--,10,20,35,300,25,10,5,40,10,20,--,35,10,30,40,110
Belarus,5,--,--,10,--,--,--,--,--,5,10,20,5,5,--,15,45,5,--,--,10,--,5,10,20,0,10,10,20,--,--,5,10,50,--,--,--,5,0,0,--,--,0,10,15,25,--,5,--,10,40,5,--,--,10,--,--,5,15,--,10,10,25,--,--,--,5,50,5,--,--,10,--,--,5,10,10,20,10,40,--,--,5,10,70,5,--,--,10,--,--,0,5,0,10,10,20
Belgium,25,5,5,40,10,10,5,25,25,130,50,205,25,5,15,45,305,25,15,15,55,15,20,25,55,20,160,95,270,15,10,20,40,415,25,10,10,45,15,10,10,40,15,180,100,295,20,10,20,50,415,40,15,10,65,15,15,15,45,15,155,65,235,15,20,20,55,385,45,15,20,80,15,10,15,45,30,255,100,380,20,--,25,50,550,45,15,5,65,15,20,15,50,10,30,40,155
Belize,5,5,--,10,--,--,0,5,5,15,15,35,--,5,--,10,60,5,10,--,20,--,5,10,15,5,15,25,45,--,--,5,10,85,--,--,--,10,--,5,--,10,5,30,20,55,0,--,5,10,80,5,--,--,10,--,5,--,10,10,25,15,50,--,--,--,10,80,10,0,--,15,--,--,--,5,5,20,20,45,--,--,5,10,70,5,--,--,10,--,--,--,5,--,5,5,25
"Benin, Republic of",30,20,10,60,20,25,15,60,45,85,80,215,25,15,45,85,400,30,35,25,90,25,35,35,90,35,70,50,155,15,20,35,70,380,30,10,15,55,20,30,20,75,35,70,55,160,25,20,35,80,350,55,10,15,75,15,25,25,65,25,60,50,135,40,25,50,115,375,55,15,15,85,15,20,35,70,35,135,100,270,25,30,35,90,510,30,10,10,55,15,25,10,50,10,65,70,175
Bermuda,0,0,0,0,0,0,0,0,0,0,0,0,0,0,0,0,0,0,0,0,0,0,0,0,0,0,0,0,0,0,0,0,0,0,0,0,0,0,0,0,0,0,0,0,0,0,0,0,0,0,0,0,0,0,0,0,0,0,0,0,0,--,--,--,0,0,--,--,--,0,0,--,--,0,0,--,--,30,10,45,--,--,--,5,55,5,--,0,5,--,0,0,--,0,0,0,10
Bhutan,0,0,0,0,0,0,--,--,0,0,--,--,--,--,--,5,10,--,0,--,--,0,--,--,--,--,5,--,10,--,0,--,5,25,--,--,0,--,--,5,0,10,--,10,10,20,0,0,--,--,35,--,0,--,--,--,--,--,--,0,15,5,20,--,0,--,--,30,5,--,--,10,5,5,--,10,--,35,10,45,--,--,30,40,105,20,--,--,25,--,--,5,10,--,10,10,45
Bolivia,--,0,0,--,--,--,--,10,--,20,10,30,--,--,--,10,55,5,5,--,15,--,--,--,10,--,10,15,30,0,--,--,--,55,5,--,--,10,--,--,--,5,5,15,10,30,--,--,5,10,50,10,--,--,15,5,5,--,15,10,30,10,50,5,--,5,15,95,10,--,--,15,--,5,--,10,10,30,5,45,--,--,10,15,85,5,10,--,15,5,5,--,15,--,10,10,40
"Bonaire, Sin Eustatius And Saba",0,0,0,0,0,0,0,0,0,0,0,0,0,0,0,0,0,0,0,0,0,0,0,0,0,0,0,0,0,0,0,0,0,0,0,0,0,0,0,0,0,0,0,0,0,0,0,0,0,0,0,0,0,0,0,0,0,0,0,0,0,0,0,0,0,0,0,0,0,0,0,0,0,0,0,0,--,0,0,--,0,0,0,0,--,0,0,0,0,0,0,0,0,0,0,0,0
Bosnia-Herzegovina,--,0,--,--,0,--,--,--,--,--,5,10,--,0,--,5,20,--,0,0,--,--,--,--,5,--,--,5,10,--,--,5,10,20,0,--,--,--,0,0,--,--,--,5,--,10,--,0,0,--,15,--,0,0,--,--,--,--,5,--,5,--,15,--,--,0,--,25,--,5,0,10,--,0,5,5,--,5,--,10,--,--,5,10,30,--,0,0,--,--,--,--,5,--,--,--,10
"Botswana, Republic of",--,--,0,--,0,--,0,--,--,30,--,35,--,5,5,15,55,--,--,--,10,5,5,5,20,--,20,--,25,--,--,--,10,60,10,--,5,15,--,--,0,5,--,25,10,40,--,--,--,5,65,5,--,--,10,--,--,--,--,--,10,15,25,--,5,--,10,45,5,0,--,10,--,5,--,10,5,10,10,30,--,--,5,10,55,--,5,--,10,5,10,--,15,--,10,10,35
Brazil,515,345,290,"1,145",375,265,340,980,500,"1,830","1,080","3,405",295,270,535,"1,095","6,350",715,435,415,"1,555",480,470,530,"1,475",495,"1,630","1,005","3,125",355,385,850,"1,580","7,295",810,485,485,"1,780",515,475,560,"1,550",720,"2,365","1,245","4,305",500,540,895,"1,930","8,865",995,545,480,"2,015",745,725,810,"2,265",795,"2,505","1,025","4,320",610,765,990,"2,360","10,255","1,190",670,615,"2,475",760,720,615,"2,090",805,"2,310","1,055","4,160",620,540,965,"2,125","10,240",780,560,360,"1,705",555,560,210,"1,310",285,930,"1,215","4,075"
Brunei,--,--,0,--,0,0,0,0,0,--,--,--,--,0,--,--,10,0,--,0,--,--,--,--,--,0,--,--,5,--,--,0,--,10,0,0,0,0,--,--,0,--,--,--,--,5,--,--,--,5,15,0,--,0,--,0,0,--,--,--,5,--,5,--,--,--,5,15,--,--,--,--,0,0,--,--,--,10,--,10,0,0,--,--,20,0,--,0,--,--,--,0,--,0,0,0,--
Bulgaria,--,--,--,5,--,--,--,5,--,15,10,25,--,0,--,--,40,5,--,--,10,--,--,--,5,--,15,10,25,5,5,--,15,60,--,--,--,5,--,--,--,5,5,10,10,25,--,--,--,5,40,5,--,--,15,--,--,--,5,5,25,--,30,--,--,5,10,60,5,--,--,10,--,--,10,15,--,20,10,30,--,--,--,10,65,5,--,0,10,--,--,--,10,--,5,5,25
Burkina-Faso,35,20,15,65,15,15,25,60,30,90,55,170,15,15,40,70,355,40,25,10,75,20,30,35,85,15,70,60,140,20,20,25,65,350,45,10,10,65,10,25,10,45,25,80,60,170,30,25,55,105,370,60,10,10,80,25,25,25,80,25,105,40,170,30,20,50,100,410,95,15,25,135,40,25,30,95,30,140,85,255,20,10,75,105,555,45,20,10,75,25,25,10,60,20,95,115,245
Burundi,10,10,--,20,10,10,10,25,15,30,20,65,10,10,10,30,135,25,10,10,45,15,20,20,50,5,45,50,100,25,15,30,70,255,20,10,15,45,15,15,10,40,15,40,55,110,15,15,30,60,255,35,15,10,60,15,15,10,40,25,60,85,165,20,20,35,75,335,50,15,15,80,20,15,20,55,25,35,30,85,25,15,20,60,270,20,10,10,35,15,15,5,35,5,40,45,110
Cambodia,5,10,10,25,5,5,15,30,15,20,20,55,10,10,5,25,120,20,10,5,35,5,5,10,25,5,10,20,35,5,5,10,20,100,5,5,--,15,--,5,--,10,5,15,15,35,--,--,5,10,70,15,5,--,20,--,10,10,20,5,15,10,30,5,5,10,20,80,10,5,--,20,10,10,10,30,15,30,15,60,5,5,15,25,120,10,5,--,20,--,10,10,25,10,--,15,55
"Cameroon, Federal Republic of",95,50,55,200,55,65,60,180,115,215,145,475,55,60,130,245,"1,055",115,60,50,225,70,105,85,260,90,210,155,450,50,75,105,230,"1,095",90,35,35,160,45,75,50,170,65,210,200,480,90,65,105,260,"1,030",130,30,50,210,90,65,85,240,105,320,205,630,75,80,85,240,"1,265",195,65,95,360,100,90,105,295,165,340,230,735,70,65,120,255,"1,590",85,45,40,175,65,75,50,195,65,205,270,620
Cape Verde Islands,0,0,0,0,0,--,0,--,0,--,0,--,0,0,0,0,--,--,0,0,--,--,0,0,--,0,--,--,--,0,0,--,--,5,0,0,0,0,0,0,0,0,0,0,--,--,--,--,0,--,--,0,0,0,0,--,--,0,--,0,--,0,--,--,--,0,--,10,--,0,0,--,0,--,--,--,--,--,--,--,--,0,0,--,10,0,0,0,0,0,--,0,--,--,--,--,--
Cayman Islands,0,0,0,0,0,0,0,0,0,0,0,0,0,0,0,0,0,0,0,0,0,0,0,0,0,0,0,0,0,0,0,0,0,0,0,0,0,0,0,0,0,0,0,0,0,0,0,0,0,0,0,0,0,0,0,0,0,0,0,0,0,0,0,0,0,0,0,0,0,0,0,0,0,0,0,0,0,--,0,--,0,0,--,--,--,0,0,0,0,0,0,0,0,0,0,0,0
Central African Republic,--,--,--,--,--,--,--,5,--,--,--,10,--,--,5,10,25,--,--,0,5,--,--,--,--,--,--,10,10,--,10,--,10,35,10,0,--,10,0,--,--,--,--,5,5,15,--,5,5,15,40,10,--,--,10,0,--,--,--,--,5,0,5,5,--,--,10,30,--,--,--,10,--,--,--,5,--,10,10,20,--,--,--,--,35,--,--,0,--,--,0,0,--,--,--,--,10
"Chad, Republic of",0,--,--,5,--,--,5,10,5,10,10,25,--,10,5,15,55,10,--,5,20,5,10,5,20,--,10,10,25,5,5,10,20,80,--,--,--,10,--,--,--,5,--,5,5,15,--,--,5,15,40,10,--,--,15,--,--,10,15,5,10,10,25,5,5,10,20,70,15,5,5,25,--,5,5,15,5,5,20,35,--,0,10,15,80,--,--,--,5,--,--,--,5,--,15,15,30
Chile,35,15,15,65,20,25,20,65,30,70,55,155,20,20,35,75,345,40,30,20,95,40,25,35,100,25,80,55,160,20,30,35,85,430,25,15,25,65,30,45,15,90,50,110,65,225,30,25,50,110,465,45,25,35,105,55,35,50,135,50,120,35,200,35,40,40,115,540,60,20,45,120,35,45,45,125,65,110,65,235,30,20,40,95,550,50,35,25,110,30,30,25,85,20,50,70,255
"China, People's Republic of","3,430","2,470","2,045","7,925","2,575","3,445","4,480","10,465","9,670","18,800","9,510","37,910","4,150","3,645","4,280","12,055","65,865","4,860","4,140","3,365","12,300","4,005","7,910","9,305","21,055","5,970","18,625","9,105","33,655","5,200","3,955","4,425","13,520","76,845","3,780","3,145","2,670","9,585","2,820","5,535","7,345","15,680","10,305","24,795","12,075","47,065","7,180","3,840","4,030","14,990","82,715","4,585","3,285","2,865","10,715","6,020","9,245","12,200","27,290","7,880","20,570","7,620","36,040","4,985","6,240","4,070","15,275","85,075","5,500","3,995","5,035","14,440","6,850","8,985","8,595","24,320","10,540","21,500","7,600","39,565","3,815","2,705","3,125","9,635","84,405","3,200","1,925","1,890","7,010","4,995","9,080","4,145","17,915","3,255","13,015","16,250","40,290"
Colombia,220,85,65,370,75,55,95,225,125,240,165,525,60,80,120,260,"1,295",250,135,120,505,95,100,125,320,105,275,210,590,105,110,155,370,"1,675",295,185,140,620,155,140,140,440,140,485,320,940,175,170,230,570,"2,375",475,225,195,895,210,250,250,710,210,625,345,"1,180",220,225,315,755,"3,275",520,315,345,"1,180",290,365,230,890,325,835,560,"1,710",245,240,445,930,"4,455",540,330,240,"1,110",205,400,250,845,185,105,285,"2,130"
Comoros,--,0,0,--,--,0,--,--,0,--,--,--,0,--,0,--,5,0,0,0,0,0,0,--,--,--,0,--,5,0,0,0,0,5,--,0,0,--,--,0,--,--,0,--,--,--,0,--,0,--,10,--,0,--,--,0,0,0,0,--,--,5,10,0,--,0,--,15,--,--,--,--,--,--,0,--,0,--,5,10,0,--,0,--,15,--,0,0,--,0,--,0,--,0,--,--,--
"Congo, Democratic Republic of the",40,25,20,85,15,20,30,65,45,90,65,195,30,40,60,125,455,60,15,15,90,35,45,60,135,45,100,65,210,35,40,60,140,550,45,15,15,70,25,20,25,70,30,80,85,195,30,25,85,140,460,120,15,15,150,35,35,45,115,80,180,150,410,45,40,90,175,830,130,55,65,245,60,65,85,205,145,310,160,615,50,75,155,280,"1,310",85,35,40,160,45,115,45,200,45,105,150,495
"Congo, People's Republic of the",15,5,15,30,10,--,15,25,30,35,20,80,10,--,20,35,160,15,10,10,35,15,15,15,40,10,25,30,60,5,5,15,30,155,15,10,10,30,--,10,--,20,5,20,25,50,10,10,10,35,130,15,--,10,30,5,15,10,35,10,30,25,70,10,--,10,25,150,25,5,5,35,10,15,10,35,10,30,35,75,10,10,10,30,165,5,10,--,20,5,10,5,25,5,25,25,65
Costa Rica,10,--,--,15,--,--,5,10,10,15,15,40,5,5,--,15,75,--,5,5,15,5,5,5,20,5,20,5,30,10,10,10,25,85,10,10,5,25,--,5,--,10,10,20,30,60,5,5,10,25,115,15,--,--,20,5,10,10,25,10,30,10,45,10,5,10,25,110,25,5,10,40,--,5,10,20,10,40,5,55,--,0,--,5,120,15,5,5,25,5,10,5,20,--,20,20,65
Croatia,--,--,--,10,5,--,5,20,5,20,25,50,--,10,10,20,90,5,10,--,15,--,10,--,15,5,20,10,35,10,5,5,20,85,5,--,5,10,--,--,5,15,5,15,5,25,10,--,--,15,60,5,--,--,10,--,--,10,15,--,15,10,25,5,--,--,10,60,--,--,--,5,--,5,--,10,--,15,5,25,0,--,--,5,45,--,--,--,10,--,--,--,--,--,15,15,25
Cuba,10,5,5,20,--,5,--,10,10,10,5,25,5,10,5,20,80,10,--,5,20,10,5,5,20,--,10,15,25,5,--,--,15,70,5,--,--,10,10,5,--,15,--,15,15,30,0,10,10,20,75,10,10,--,20,5,10,--,20,5,10,10,30,10,5,5,25,85,15,--,--,20,5,5,--,15,5,15,10,35,15,5,10,25,90,5,5,--,15,--,5,--,10,--,10,15,35
Curacao,0,0,0,0,0,0,0,0,0,0,0,0,0,0,0,0,0,0,0,0,0,0,0,0,0,0,0,0,0,0,0,0,0,0,0,0,0,0,0,0,0,0,0,0,0,0,0,0,0,0,0,0,0,0,0,0,0,0,0,0,0,--,--,0,0,0,0,--,0,--,0,--,0,0,0,0,0,0,0,0,0,0,0,0,--,0,0,0,0,0,0,0,0,0,0,0,0
Cyprus,--,0,0,--,0,0,--,--,0,5,--,10,0,--,0,--,15,--,--,0,--,0,0,--,--,0,--,--,5,0,0,0,0,10,--,--,--,--,0,--,0,--,0,--,--,5,0,--,--,--,10,0,--,--,--,--,0,--,--,--,--,--,5,0,--,0,--,10,--,--,--,5,0,0,0,0,5,5,--,15,0,0,0,0,15,--,0,--,--,0,--,0,--,0,0,0,--
Czech Republic,10,--,--,15,5,10,--,15,5,30,20,55,10,10,10,30,110,10,--,5,20,--,5,10,20,15,35,25,75,10,5,10,25,135,10,10,10,30,--,5,10,20,10,45,25,80,5,10,10,25,150,5,5,10,20,10,5,15,25,10,45,30,85,10,10,5,30,150,10,5,5,20,5,10,5,20,15,55,25,95,5,5,10,20,155,5,--,--,10,5,--,5,15,5,10,20,45
Denmark,--,0,--,5,5,--,--,15,--,50,10,65,--,--,5,15,100,5,5,--,15,0,5,5,10,10,45,20,70,--,--,5,10,105,--,--,--,5,--,--,--,5,10,50,25,85,5,--,5,10,105,--,--,0,10,--,--,5,10,--,55,25,80,--,5,0,10,110,5,--,--,5,--,--,--,5,--,60,20,80,--,5,--,10,105,--,--,0,--,--,--,--,5,--,5,10,20
"Djibouti, Republic of",--,--,--,5,0,0,--,--,0,10,--,15,--,--,--,5,25,5,--,--,10,--,--,5,10,--,10,--,15,--,--,--,5,35,5,--,--,10,0,--,--,--,--,5,10,20,--,0,--,5,35,5,--,5,10,0,--,5,10,--,5,5,15,5,10,5,20,50,10,--,--,15,--,0,--,5,5,5,10,20,5,--,5,15,55,--,0,--,--,0,--,--,--,--,10,10,20
Dominica,--,0,--,--,0,0,0,0,--,--,--,5,0,0,--,--,10,0,--,--,--,--,0,--,--,--,5,--,10,--,--,--,10,25,--,0,--,--,--,0,--,--,--,10,10,20,--,--,5,10,35,5,--,--,10,--,--,--,10,5,20,5,30,--,--,5,10,60,--,--,--,5,--,--,--,10,--,10,10,20,5,--,--,10,45,5,--,0,10,--,5,--,10,--,--,--,20
Dominican Republic,20,10,10,35,5,10,5,15,20,40,25,85,10,10,15,35,170,35,10,15,60,5,15,55,75,15,30,25,70,5,5,20,30,225,30,10,15,50,20,10,10,40,25,50,25,100,15,10,20,45,230,20,10,15,50,20,20,40,80,40,85,10,135,15,10,15,40,290,30,15,25,70,10,15,15,40,30,65,30,125,15,20,25,60,285,25,15,10,50,15,25,5,40,15,20,35,125
"East Timor, Democratic Republic of",0,0,0,0,0,0,0,0,0,0,0,0,0,0,0,0,0,0,0,0,0,0,0,0,0,0,0,0,0,0,0,0,0,0,0,0,0,0,0,0,0,0,0,0,0,0,0,0,0,0,0,0,0,0,0,0,0,0,0,0,0,0,0,0,0,0,0,0,0,0,0,0,0,0,--,--,0,0,0,0,0,0,0,0,--,0,0,0,0,0,0,0,0,0,0,0,0
Ecuador,20,15,15,55,10,10,20,40,30,90,115,235,25,25,25,80,395,25,25,15,70,35,30,30,95,20,140,125,285,35,30,35,95,525,50,20,30,95,35,30,25,95,40,180,120,340,55,30,50,135,640,55,35,25,115,50,40,60,145,50,210,130,390,35,40,60,135,750,90,50,50,190,45,60,40,145,50,220,130,395,65,45,65,175,855,60,45,30,135,55,55,20,125,30,90,115,365
Egypt,55,40,30,130,40,40,40,120,60,190,155,405,45,50,80,175,800,75,55,40,170,45,65,70,175,40,240,205,480,65,65,105,235,"1,035",85,40,35,160,55,60,90,200,90,360,225,675,75,60,115,250,"1,250",105,45,40,190,65,80,105,245,60,310,230,600,100,90,120,310,"1,320",125,70,65,265,80,115,95,290,135,525,180,840,70,45,105,215,"1,560",90,55,25,170,85,210,110,395,80,65,145,695
El Salvador,20,--,5,30,5,5,10,20,10,40,25,80,15,15,20,50,170,25,15,10,50,15,15,10,40,15,55,25,95,15,15,15,40,210,20,5,15,35,10,15,25,55,20,75,30,125,15,20,30,65,270,20,10,15,45,20,25,30,75,15,75,30,120,15,15,20,50,275,40,5,15,60,20,20,15,55,15,85,25,125,5,10,20,35,260,20,15,10,45,15,15,10,40,10,35,40,125
"Equatorial Guinea, Republic of",--,--,0,--,0,0,0,0,--,--,0,--,0,0,--,--,5,--,--,0,--,--,0,--,--,--,0,0,--,0,--,--,--,10,0,0,0,0,10,10,0,20,--,0,--,--,--,--,--,--,25,--,--,0,--,0,0,--,--,--,--,--,5,--,0,0,--,10,--,15,--,20,--,--,--,--,0,--,0,--,--,--,--,--,25,0,0,0,0,0,0,0,0,0,0,0,0
Eritrea,--,10,--,15,10,5,5,20,--,15,10,30,10,--,10,20,85,10,5,10,25,--,--,10,15,5,15,10,30,--,15,25,40,115,15,20,25,60,10,15,15,40,10,25,25,60,20,25,20,65,220,20,20,5,45,10,15,10,35,5,10,5,20,20,20,15,55,150,10,10,15,35,5,15,5,25,5,5,--,15,5,--,--,10,85,10,--,5,15,5,5,--,15,--,10,15,45
Estonia,0,--,0,--,0,0,--,--,--,5,5,15,--,0,0,--,15,--,--,--,5,--,--,--,--,0,10,--,15,--,--,--,5,30,--,0,--,--,0,0,0,0,--,5,--,10,0,--,--,--,15,--,--,0,--,0,0,0,0,0,10,--,15,--,--,--,5,20,--,--,0,--,0,--,0,--,--,--,0,--,0,0,--,--,5,--,0,0,--,0,0,0,0,0,0,0,--
Ethiopia,10,5,5,25,10,--,--,15,5,30,30,65,10,5,25,40,150,25,10,10,45,15,25,20,60,20,30,20,70,20,10,20,50,210,15,5,10,30,10,25,25,60,25,60,35,115,15,20,20,55,255,20,15,15,50,25,25,20,75,20,65,35,125,35,20,30,90,320,25,15,25,65,20,30,15,65,20,80,40,140,20,10,20,55,320,15,10,5,35,15,15,10,45,20,45,60,140
Fiji,--,--,--,--,0,--,--,--,--,--,0,5,0,--,--,--,15,--,--,--,5,--,--,--,10,--,5,--,10,--,--,--,--,25,--,--,0,5,0,--,5,5,--,--,--,10,--,--,--,5,25,--,0,--,--,--,--,--,--,--,--,5,10,--,--,--,--,20,--,0,--,--,--,--,--,5,--,--,--,10,0,0,--,--,20,--,--,--,--,0,--,0,--,--,--,5,10
Finland,5,0,--,5,0,--,--,--,10,50,20,80,--,--,5,10,95,--,5,--,10,--,5,10,15,--,55,30,90,--,--,5,10,120,--,--,5,10,--,--,5,15,10,65,20,95,--,--,--,5,120,--,--,--,5,--,5,5,15,--,55,35,90,--,--,--,10,115,--,--,5,10,--,--,--,--,10,55,25,90,5,--,--,10,110,--,0,0,--,--,5,--,10,--,--,5,20
France,795,275,260,"1,325",270,320,350,935,"1,125","6,105","1,415","8,615",370,310,575,"1,250","11,860",770,390,335,"1,480",380,455,590,"1,415",585,"5,620","1,700","7,895",430,380,555,"1,360","11,825",815,290,285,"1,390",280,415,315,"1,010",695,"6,495","2,125","9,300",695,520,670,"1,875","13,225","1,015",280,290,"1,575",420,425,515,"1,355",805,"6,735","1,585","9,125",810,425,410,"1,645","13,420","1,185",455,485,"2,110",475,385,545,"1,400",965,"7,265","1,955","10,170",500,240,450,"1,190","14,560",885,255,235,"1,375",400,535,210,"1,135",280,"1,265","1,545","3,975"
French Guiana,0,0,0,0,0,0,0,0,0,0,0,0,0,0,0,0,0,0,0,0,0,0,0,0,0,0,0,0,0,0,0,0,0,0,0,0,0,0,0,0,0,0,0,0,0,0,0,0,0,0,0,0,0,0,0,0,0,0,0,0,0,0,0,0,0,0,0,0,--,0,0,--,0,0,0,0,0,0,0,0,0,0,0,0,--,0,0,0,0,0,0,0,0,0,0,0,0
French Polynesia,0,0,0,0,0,0,0,0,0,0,0,0,0,0,0,0,0,0,0,0,0,0,0,0,0,0,0,0,0,0,0,0,0,0,0,0,0,0,0,0,0,0,0,0,0,0,0,0,0,0,0,0,0,0,0,0,0,0,0,0,0,--,--,0,0,0,0,--,0,0,0,0,0,0,0,0,5,15,--,25,0,0,0,0,25,--,0,0,--,0,0,0,0,0,--,--,--
Gabon Republic,5,--,10,15,5,5,5,15,5,10,15,30,5,5,10,20,75,5,5,5,20,--,5,--,10,--,15,10,30,--,--,10,15,70,5,0,--,10,--,5,--,15,10,15,20,40,5,5,15,25,80,5,--,--,15,--,10,5,15,--,20,15,35,15,--,5,25,90,15,5,10,30,10,5,--,15,--,20,20,40,--,10,10,20,105,15,--,--,20,--,5,--,10,--,20,20,50
Gambia,--,--,--,10,--,--,--,5,--,10,5,15,5,5,10,20,50,5,5,--,15,0,--,--,5,--,10,10,25,5,5,10,15,60,--,--,0,5,--,--,--,10,--,10,10,25,--,--,10,15,50,5,5,--,15,10,--,10,15,5,15,5,25,--,--,5,10,65,--,--,--,10,5,5,5,20,5,15,15,35,--,--,15,20,80,10,--,0,10,0,0,--,--,--,15,15,30
Georgia,--,--,0,--,0,0,0,0,--,--,--,10,0,--,--,--,10,0,0,0,0,--,0,--,--,0,5,--,10,--,--,--,5,15,--,--,0,--,0,--,--,--,--,5,--,10,--,--,--,--,20,--,0,--,--,--,0,--,--,--,--,--,5,--,0,--,--,10,0,--,--,--,0,--,0,--,--,--,--,5,--,0,0,--,15,0,0,0,0,0,0,0,0,0,--,--,--
Germany,95,40,30,170,45,45,50,140,110,960,510,"1,580",55,60,55,170,"2,035",105,65,65,240,55,70,80,205,75,955,605,"1,640",60,45,75,180,"2,220",100,50,40,185,45,55,60,160,85,"1,070",595,"1,745",55,45,60,160,"2,210",75,55,50,175,45,45,65,155,65,"1,170",535,"1,770",55,50,45,155,"2,230",130,50,55,240,50,40,50,140,95,"1,470",270,"1,835",30,20,35,90,"2,275",65,40,30,135,65,55,25,145,30,100,125,400
Ghana,45,20,15,80,25,25,25,75,75,230,205,505,40,30,80,150,785,60,45,45,150,60,60,70,190,60,165,145,370,50,70,60,185,855,65,40,60,165,45,45,45,135,70,190,185,440,65,65,65,195,880,75,25,30,130,65,40,45,150,65,180,115,360,50,65,125,245,845,95,40,65,200,85,85,65,230,100,385,260,745,60,45,95,200,"1,345",80,25,20,130,60,70,45,175,45,115,160,445
Greece,5,--,--,15,5,5,10,25,10,40,15,65,15,10,10,35,130,10,5,10,30,--,15,15,35,10,40,25,75,10,20,15,50,175,10,--,5,20,5,10,15,30,10,65,30,105,15,10,20,45,190,10,10,10,25,10,15,15,40,10,45,15,70,10,5,20,40,170,25,5,5,35,5,20,10,35,20,40,15,75,5,5,15,30,170,5,5,5,20,5,10,10,25,5,25,30,75
Grenada,--,0,--,--,--,--,--,5,--,10,--,15,--,--,--,5,30,--,0,0,--,--,--,--,10,--,10,10,20,--,--,5,10,40,--,--,--,10,--,--,0,5,--,--,5,15,--,--,10,10,40,5,--,0,5,--,--,--,5,5,10,--,20,0,--,5,10,35,--,--,--,5,--,--,--,--,--,10,10,25,--,--,--,--,35,5,--,--,10,5,--,--,10,0,5,5,25
Guadeloupe,0,0,0,0,0,0,0,0,0,0,0,0,0,0,0,0,0,0,0,0,0,0,0,0,0,0,0,0,0,0,0,0,0,0,0,0,0,0,0,0,0,0,0,0,0,0,0,0,0,0,0,0,0,0,0,0,0,0,0,0,0,--,--,0,0,0,0,--,0,0,0,0,0,0,0,0,0,--,0,--,0,0,0,0,--,0,0,0,0,0,0,0,0,--,--,--,--
Guatemala,5,--,--,5,5,--,10,15,5,10,--,20,0,5,5,10,55,10,5,--,20,--,--,--,10,--,20,10,30,5,--,--,10,60,5,5,5,15,--,--,10,15,5,15,5,25,5,--,--,10,60,10,--,5,15,--,5,--,10,--,20,10,35,5,--,--,15,70,10,--,--,15,--,5,5,10,15,20,15,50,--,--,--,5,80,5,--,--,10,--,--,--,5,--,10,10,30
"Guinea, Republic of",15,10,10,35,10,5,15,30,20,30,20,70,20,20,15,55,175,15,15,20,45,20,20,20,55,25,50,40,115,20,20,45,85,290,35,15,10,60,10,20,10,40,20,65,35,120,20,15,45,80,280,35,10,10,50,15,20,25,60,30,95,55,175,30,25,30,80,355,75,20,10,105,30,15,25,70,45,95,85,230,20,20,45,85,465,35,10,20,65,20,30,10,60,10,65,75,195
Guinea-Bissau,0,0,0,0,0,0,0,0,--,0,--,--,0,0,0,0,--,0,0,0,0,0,0,0,0,0,0,0,0,0,0,0,0,0,--,0,0,--,0,0,0,0,0,--,--,--,0,0,0,0,5,0,0,0,0,0,--,0,--,--,--,0,--,0,0,0,0,--,0,0,0,0,0,0,0,0,0,--,0,--,0,0,0,0,--,0,0,0,0,--,--,0,--,0,0,0,--
Guyana,--,--,--,10,10,--,5,20,10,35,20,60,5,5,20,30,115,10,--,--,20,10,15,20,45,10,35,30,75,--,15,25,50,175,10,--,5,15,5,10,15,30,20,50,35,105,15,15,25,55,200,20,5,5,30,15,15,20,45,30,75,20,125,5,10,50,65,255,15,10,40,65,10,20,10,40,40,100,30,165,5,15,50,65,330,15,10,10,35,15,15,10,35,20,30,50,120
Haiti,20,25,25,70,10,25,25,60,45,70,45,160,25,30,30,85,350,40,25,30,95,25,25,35,85,30,75,85,190,25,30,50,105,445,35,20,15,70,20,15,35,70,35,85,85,205,30,25,45,100,425,60,20,15,95,35,30,45,110,40,105,50,195,45,20,25,95,475,55,30,35,115,30,25,40,90,45,115,120,275,25,25,20,70,525,35,20,20,75,35,75,25,135,25,65,90,290
Holy See,0,0,0,0,0,0,0,0,0,0,0,0,0,0,0,0,0,0,0,0,0,0,0,0,0,0,0,0,0,0,0,0,0,0,0,0,0,0,0,0,0,0,0,0,0,0,0,0,0,0,0,--,0,0,--,0,0,0,0,0,0,0,0,0,0,0,0,--,0,0,0,0,0,0,0,0,0,0,0,0,0,0,0,0,0,--,0,0,--,0,0,0,0,0,0,0,--
Honduras,--,10,--,15,10,--,--,15,5,15,5,30,5,10,--,15,75,10,10,5,25,--,5,5,15,15,30,20,65,10,5,15,25,125,10,--,10,25,--,5,5,15,5,50,20,80,10,5,10,25,130,20,10,--,30,15,10,10,35,10,40,20,70,15,10,20,45,175,20,--,--,25,5,10,--,20,15,65,25,105,10,5,5,20,165,20,--,5,30,5,5,5,20,--,30,35,80
Hong Kong SAR,125,65,60,250,60,100,115,275,265,580,390,"1,235",140,125,155,420,"2,095",150,120,110,380,110,205,260,565,180,605,335,"1,115",170,130,140,435,"2,355",130,85,80,295,70,145,155,370,275,720,435,"1,430",205,120,135,460,"2,440",130,85,65,280,130,220,290,635,225,655,280,"1,165",155,190,135,480,"2,440",185,105,105,395,160,195,195,545,290,695,285,"1,265",130,95,155,380,"2,495",215,80,55,345,35,195,120,345,200,530,725,"1,385"
Hungary,--,10,--,15,5,5,--,15,10,30,15,55,10,10,10,25,105,5,5,5,20,--,--,5,15,10,30,20,60,5,10,5,25,115,5,5,5,20,--,--,10,15,--,35,15,55,10,5,--,20,100,5,--,--,10,5,--,10,20,--,30,15,45,5,5,10,25,95,5,--,5,15,--,--,10,15,5,40,20,60,10,--,5,15,105,--,0,--,5,--,--,--,5,--,10,10,25
Iceland,--,--,0,--,--,5,--,5,5,20,5,35,0,--,--,--,45,--,5,--,10,--,--,--,5,--,10,5,20,--,--,--,5,40,--,--,--,5,--,--,--,10,0,15,10,25,--,--,0,--,45,5,--,--,10,--,--,--,--,--,5,5,15,--,--,--,5,35,--,0,--,5,--,--,0,5,10,15,5,30,--,--,--,--,45,--,--,--,5,--,--,--,5,--,--,10,20
India,"1,290",565,775,"2,620","2,145","1,625",745,"4,510","2,220","9,435","3,605","15,245",895,"1,605","7,600","10,090","31,920","1,920","1,255","1,235","4,395","3,155","2,455","1,865","7,455","2,090","12,605","6,115","20,795","1,570","3,765","15,480","20,810","52,630","3,355","1,135","2,310","6,795","6,305","5,695","1,815","13,815","3,930","19,960","7,490","31,360","2,540","5,125","24,690","32,340","82,955","6,925","2,055","5,000","13,965","14,750","4,495","4,720","23,915","6,675","23,665","9,890","40,215","2,680","5,035","23,545","31,255","107,085","6,945","3,500","5,515","15,915","14,560","8,250","4,605","27,395","6,800","38,585","13,220","58,565","2,910","3,115","32,690","38,710","138,930","9,190","3,020","3,900","16,105","5,710","6,895","3,645","16,105","2,905","12,870","15,770","47,220"
"Indonesia, Republic of",55,15,30,95,40,30,35,105,75,245,105,425,40,40,70,150,740,50,40,50,140,40,50,55,145,45,285,85,415,40,45,60,140,820,45,50,35,130,30,55,55,140,60,345,125,530,70,50,70,190,945,55,25,35,120,80,70,65,215,90,480,115,680,55,70,95,225,"1,210",80,70,60,205,90,55,75,220,105,525,115,745,55,30,80,165,"1,290",80,35,30,145,65,60,25,150,45,135,180,465
Iran,130,105,80,315,100,100,120,320,280,565,410,"1,250",125,120,275,520,"2,340",190,185,115,480,155,190,215,555,190,590,540,"1,310",195,205,350,750,"2,960",250,145,150,540,240,205,220,665,315,"1,160",990,"2,460",385,300,515,"1,195","4,675",335,190,185,710,345,370,470,"1,175",440,"1,290","1,250","2,975",685,550,"1,175","2,405","7,035",895,420,480,"1,790",565,615,660,"1,830",875,"2,240","1,410","4,525",505,465,995,"1,965","9,720",605,340,295,"1,240",595,"1,130",755,"2,445",565,415,975,"4,515"
Iraq,10,5,--,20,--,5,10,15,10,25,30,65,10,--,10,20,120,15,10,10,35,10,15,5,30,--,30,20,55,10,15,15,40,145,20,10,--,35,5,10,10,25,5,25,25,55,5,10,20,35,145,20,15,15,50,15,10,15,40,--,25,20,45,20,20,40,80,200,25,10,5,40,15,25,20,55,10,30,10,50,10,10,5,25,175,10,5,10,25,15,15,15,45,10,20,30,95
"Ireland, Republic of",10,5,--,20,10,20,10,40,10,70,50,130,20,10,10,40,225,10,15,10,30,15,15,15,45,5,75,40,120,10,15,15,40,230,10,--,--,15,--,10,10,30,5,75,55,135,20,10,--,30,205,10,--,--,10,5,--,10,20,10,55,30,95,5,10,15,30,150,15,5,--,25,--,5,10,20,15,65,25,105,5,--,10,20,165,15,5,--,20,--,5,15,25,--,15,20,65
Israel,10,10,25,45,20,15,35,70,70,90,45,205,30,15,25,75,375,15,25,25,65,15,40,40,95,80,90,45,210,20,25,30,75,430,15,15,20,55,25,20,55,100,60,105,70,230,30,35,35,100,460,25,15,15,50,30,25,65,120,65,90,30,185,30,35,30,95,450,20,25,20,65,20,40,55,115,75,140,45,255,15,25,45,90,510,35,20,15,65,30,40,15,85,45,65,110,255
Italy,80,35,20,140,40,40,50,125,75,360,185,620,40,35,65,140,"1,005",115,65,55,230,55,70,80,200,60,450,295,805,55,70,75,195,"1,390",90,40,50,180,45,60,45,150,75,555,300,930,85,50,80,215,"1,430",150,50,50,250,60,50,80,190,80,570,210,855,60,70,55,185,"1,440",150,70,60,280,70,55,50,175,90,585,195,875,45,55,60,160,"1,465",75,40,35,150,80,65,35,180,35,115,150,470
"Ivory Coast, Republic of",55,15,25,95,35,35,20,90,80,170,95,350,25,40,65,130,630,90,35,30,155,40,40,45,125,45,155,80,280,30,45,80,155,675,75,15,20,110,20,55,25,105,55,170,110,330,60,35,115,210,720,110,20,20,150,45,50,60,150,55,295,130,480,65,50,70,185,935,145,35,65,245,65,55,70,190,90,320,160,565,45,45,160,250,"1,210",105,35,30,170,40,75,25,135,45,165,210,505
Jamaica,80,30,30,135,45,60,60,170,145,380,240,765,65,80,165,310,"1,345",160,75,75,305,75,95,105,275,145,440,225,810,90,85,170,350,"1,680",70,35,50,160,75,95,80,245,140,435,250,820,80,90,180,350,"1,525",150,50,45,240,90,105,135,330,170,450,175,800,85,90,195,370,"1,695",140,75,85,295,85,85,105,280,190,645,315,"1,145",85,85,205,375,"2,040",140,50,50,240,85,190,160,425,115,105,220,860
Japan,385,275,505,"1,165",930,470,295,"1,695",480,"1,285",955,"2,720",265,225,235,720,"6,040",505,430,600,"1,530",980,505,500,"1,970",385,"1,280","1,005","2,670",345,235,260,840,"6,685",420,345,520,"1,285",930,365,395,"1,685",460,"1,630",935,"3,020",400,240,230,855,"6,530",495,405,620,"1,520",915,500,440,"1,845",350,"1,635",805,"2,785",305,285,240,830,"6,685",635,385,700,"1,715",820,490,370,"1,670",455,"1,755",750,"2,945",245,175,185,605,"6,670",495,355,245,"1,095",210,350,165,715,160,405,565,"2,280"
Jordan,15,15,15,45,20,20,20,60,25,60,45,130,20,25,20,60,280,30,35,15,80,15,25,20,55,35,90,80,200,30,15,40,85,410,25,10,15,50,20,30,25,75,40,140,80,260,25,25,35,85,450,50,15,20,85,30,45,40,115,25,130,85,245,45,40,120,205,630,65,50,35,150,75,50,80,205,60,270,95,420,60,40,80,180,915,35,40,45,125,50,125,50,225,50,25,75,405
Kazakhstan,25,15,20,55,25,30,20,75,35,145,80,255,40,35,35,110,475,40,20,25,85,35,30,55,115,40,140,130,310,30,45,35,110,585,45,20,20,85,15,30,35,80,50,190,140,380,50,35,30,115,635,45,15,20,80,30,40,45,115,50,255,100,405,40,50,30,120,695,55,15,30,100,30,30,35,95,55,240,110,405,35,25,35,95,680,40,20,20,80,30,30,30,90,20,65,85,245
Kenya,15,15,15,45,20,20,10,50,35,125,75,235,20,20,70,110,430,55,25,25,105,40,40,30,105,30,190,105,325,35,40,90,160,670,40,15,20,75,40,60,25,125,60,250,110,425,45,45,100,190,795,80,25,40,145,90,45,55,195,60,295,155,505,55,50,120,220,"1,025",95,40,60,195,85,60,55,200,70,330,150,550,40,30,85,160,"1,085",80,35,50,165,75,80,40,195,40,115,155,500
Kiribati,0,0,0,0,0,0,0,0,0,0,0,0,0,0,0,0,0,0,0,0,0,0,0,0,0,0,0,0,0,0,0,0,0,0,0,0,0,0,0,0,0,0,0,0,0,0,0,0,0,0,0,0,0,0,0,0,0,0,0,0,0,0,0,0,0,0,0,0,0,0,0,0,0,0,0,0,0,0,0,0,0,0,0,0,0,0,0,0,0,--,0,0,--,0,0,0,--
"Korea, People's Democratic Republic of",--,0,0,--,0,0,0,0,--,--,--,--,0,0,--,--,10,--,--,0,--,0,0,0,0,0,0,--,--,--,0,0,--,5,--,0,--,--,0,--,0,--,--,--,--,5,--,--,--,--,15,0,0,--,--,--,0,0,--,0,--,0,--,0,0,--,--,5,--,0,0,--,0,0,0,0,0,0,--,--,--,--,0,--,5,--,0,0,--,0,--,0,--,--,0,--,--
"Korea, Republic of","1,225","1,020",900,"3,140",965,880,"1,065","2,910","2,135","2,650","1,945","6,710",950,855,"1,305","3,110","14,735","1,610","1,275","1,145","4,015","1,100","1,475","1,570","4,115","1,570","2,440","1,725","5,720","1,075",905,"1,415","3,380","15,935","1,390","1,110","1,105","3,600",925,"1,080","1,255","3,255","1,795","3,740","2,205","7,720","1,125",880,"1,445","3,435","16,700","1,695","1,090","1,015","3,795","1,200","1,455","1,840","4,475","1,740","2,960","1,575","6,265",920,"1,075","1,495","3,490","16,870","1,950","1,170","1,225","4,325","1,235","1,360","1,405","3,985","2,045","3,450","1,500","6,985",810,625,"1,205","2,640","17,015","1,455","1,035",650,"3,135",800,"1,545",705,"3,010",650,"1,320","1,965","7,865"
"Kosovo, Republic of",--,--,5,5,0,5,0,5,--,5,10,15,--,--,10,15,40,--,--,5,10,5,5,--,15,5,5,0,10,--,5,--,10,45,5,0,0,5,0,--,--,5,0,--,--,5,--,0,0,--,20,5,--,0,10,--,--,--,5,5,10,0,20,--,--,--,10,40,--,--,--,10,--,--,--,5,--,--,--,10,--,--,--,5,30,--,--,--,5,--,--,--,10,10,5,15,30
Kuwait,--,--,--,10,10,--,10,20,10,25,45,85,10,--,10,25,135,15,5,5,25,--,10,10,20,5,30,40,75,15,5,10,30,145,--,5,5,15,5,5,10,25,10,60,40,105,10,--,10,25,165,5,5,10,20,--,10,10,25,5,55,20,80,10,10,10,30,140,15,--,5,25,10,10,10,25,15,60,30,105,--,--,10,15,165,5,--,--,10,--,10,--,15,10,15,25,50
Kyrgyzstan,0,--,0,--,--,0,0,--,--,--,--,10,--,--,0,--,15,--,--,--,--,0,--,--,5,--,15,10,30,--,--,0,--,40,--,--,--,5,--,0,--,--,--,15,15,35,--,10,--,15,55,10,--,--,10,5,--,--,10,--,20,10,35,--,5,--,10,60,5,--,5,15,--,--,--,5,5,15,15,35,5,--,10,15,70,10,5,--,20,--,5,--,10,--,--,5,30
Laos,--,0,0,--,0,--,0,--,--,--,--,5,0,0,--,--,15,--,--,--,5,--,0,--,--,0,5,--,5,--,0,--,--,15,--,--,0,--,0,--,0,--,0,5,--,10,--,--,0,--,15,0,0,0,0,--,0,--,--,--,--,--,5,--,--,0,--,10,0,--,--,--,0,--,0,--,--,--,--,5,--,--,--,5,15,--,0,0,--,--,--,--,--,--,--,--,5
Latvia,--,--,--,5,--,--,--,5,--,10,5,15,0,0,--,--,30,--,--,--,5,--,--,--,--,--,10,5,20,--,--,--,5,35,--,--,--,--,0,0,--,--,--,10,15,25,--,--,0,5,40,0,--,0,--,--,0,--,5,--,10,5,15,--,--,--,10,30,--,--,0,5,--,--,--,5,--,10,5,15,10,--,--,15,40,--,--,--,5,--,0,--,--,--,--,--,15
Lebanon,25,15,10,55,20,20,25,65,45,100,55,205,25,35,40,95,405,30,25,25,80,30,20,35,85,35,115,85,235,35,25,40,100,475,35,25,20,70,20,30,20,70,35,145,70,250,30,35,55,120,490,45,25,20,90,25,35,35,95,30,135,75,240,45,25,40,110,520,50,25,25,100,25,30,30,80,35,205,90,330,20,20,40,80,575,35,20,10,65,40,80,45,165,35,40,80,290
Lesotho,0,0,0,0,0,--,0,--,--,0,0,--,--,0,0,--,--,0,0,0,0,0,--,0,--,--,--,--,--,0,--,0,--,5,0,--,0,--,0,--,0,--,0,0,0,0,0,0,--,--,--,0,0,0,0,0,0,--,--,0,0,0,0,0,--,0,--,--,0,--,0,--,0,0,0,0,0,0,--,--,0,0,0,0,--,0,0,0,0,0,0,0,0,0,--,--,--
Liberia,0,0,0,0,--,0,--,--,--,--,--,5,0,--,--,--,10,0,--,0,--,0,--,0,--,0,5,--,5,--,0,--,--,10,0,0,0,0,--,0,0,--,0,--,--,5,0,--,--,5,10,0,0,0,0,0,0,0,0,--,--,0,--,--,0,--,--,--,--,0,0,--,--,--,0,--,--,5,--,10,--,0,0,--,15,0,0,--,--,--,0,0,--,--,0,--,5
Libya,70,95,75,240,130,125,130,380,170,175,210,555,120,85,95,305,"1,365",120,110,75,295,35,100,85,215,65,90,95,250,85,90,95,270,965,55,55,75,180,45,65,70,180,65,85,135,280,55,50,65,165,755,60,45,25,125,25,65,90,175,30,35,40,105,40,50,30,125,500,85,30,55,170,40,45,40,125,45,35,65,140,40,35,35,105,525,40,20,20,85,35,70,25,130,20,55,75,280
Liechtenstein,0,0,0,0,0,0,0,0,0,0,0,0,0,0,0,0,0,0,0,0,0,0,0,0,0,0,0,0,0,0,--,0,--,--,--,0,0,--,0,0,0,0,0,--,--,--,0,0,--,--,5,0,0,--,--,0,0,0,0,0,0,--,--,0,0,0,0,--,0,0,0,0,0,0,0,0,--,0,0,--,0,0,0,0,--,0,0,0,0,0,0,0,0,0,0,0,0
Lithuania,--,0,--,5,5,--,--,10,--,10,15,25,--,0,--,5,50,--,--,--,10,--,--,--,5,--,10,--,15,--,--,--,5,40,5,--,--,10,--,--,5,10,0,10,10,20,--,--,5,10,50,--,--,--,--,5,5,0,10,--,5,5,15,5,--,--,10,40,--,--,--,5,--,--,--,5,5,10,10,25,--,--,--,10,45,--,0,--,--,--,--,--,5,--,--,--,15
Luxembourg,--,0,--,--,--,--,--,5,--,15,--,20,--,--,--,5,35,--,--,--,--,--,--,--,--,--,20,5,25,--,--,--,5,35,5,--,0,5,0,--,0,--,5,10,5,25,0,--,--,--,30,0,--,--,--,--,0,--,--,0,15,--,15,--,0,--,--,20,--,--,5,5,--,--,0,--,--,15,--,20,--,0,--,5,35,--,--,--,--,--,--,0,--,--,5,5,10
Macau SAR,15,5,5,25,5,15,10,25,25,60,40,120,10,10,5,25,190,20,5,10,35,10,20,20,50,15,45,30,85,15,10,--,25,195,10,5,--,20,--,10,10,25,25,50,50,125,20,5,5,30,190,15,5,10,30,10,25,20,55,15,65,25,105,15,15,10,35,220,10,10,15,40,10,20,15,45,20,55,20,95,5,--,5,15,185,15,10,--,25,--,15,5,20,15,30,45,90
Macedonia,--,--,0,--,0,--,--,--,0,5,--,10,0,--,0,--,15,--,--,0,5,--,0,--,--,--,5,5,15,--,--,--,10,30,0,0,--,--,--,--,--,--,--,--,5,10,0,--,0,--,15,--,0,0,--,--,--,0,--,--,--,--,10,--,--,--,--,20,0,0,--,--,0,--,--,--,0,5,--,5,--,--,--,--,15,--,--,0,5,0,--,0,--,--,--,--,10
Madagascar,15,5,--,30,5,10,--,20,15,25,10,50,5,--,15,20,115,20,10,5,35,10,10,20,35,15,30,25,75,10,10,15,35,170,10,5,5,25,5,15,10,35,15,45,25,90,15,10,10,35,175,20,5,10,35,5,5,10,25,5,45,25,75,10,10,15,35,165,15,10,15,40,15,--,15,30,10,65,30,110,10,10,15,30,205,20,10,--,30,10,15,5,25,5,35,40,95
Malawi,--,0,--,--,0,--,--,--,0,--,5,10,0,--,--,--,20,--,--,--,5,0,--,--,--,--,5,--,10,--,--,--,5,30,--,--,--,5,--,--,--,--,--,5,--,10,--,--,--,5,25,--,--,--,5,--,--,0,5,0,5,--,10,0,5,0,5,25,5,0,0,5,--,--,--,5,--,5,--,10,--,0,0,--,20,--,0,0,--,0,--,--,--,--,5,5,10
Malaysia,25,20,10,55,25,25,35,85,60,215,125,395,20,20,50,90,600,30,25,25,80,45,45,40,130,25,205,110,340,35,20,50,105,635,25,15,20,65,25,30,25,85,45,230,125,400,35,25,60,120,645,35,10,10,55,40,40,35,115,30,265,105,395,35,40,60,130,680,50,30,30,105,40,30,40,115,35,215,100,355,25,20,40,90,650,35,15,20,65,30,30,10,70,15,75,90,215
"Maldives, Republic of",0,0,0,0,0,--,0,--,0,--,--,--,0,0,0,0,--,0,--,--,--,--,0,0,--,0,0,--,--,0,0,--,--,5,0,0,0,0,--,0,0,--,0,--,--,--,0,0,0,0,--,0,0,0,0,0,0,--,--,--,0,0,--,0,0,--,--,5,--,0,0,--,0,--,0,--,0,--,--,--,0,0,0,0,5,--,0,0,--,0,--,0,--,0,0,0,--
"Mali, Republic of",45,20,15,80,20,20,15,50,45,65,50,160,15,15,60,90,360,65,30,15,105,25,40,20,85,20,85,45,155,20,30,40,95,410,60,20,15,100,15,25,15,60,25,55,70,150,30,35,60,120,405,75,20,15,110,30,30,45,105,35,75,65,175,20,25,40,85,450,75,25,50,145,30,20,30,80,35,75,65,180,20,15,75,115,490,70,35,25,130,15,30,15,60,10,80,90,265
Malta,0,0,0,0,--,0,0,--,--,0,--,--,0,0,--,--,--,0,--,0,--,--,0,0,--,0,--,0,--,0,0,--,--,--,0,0,0,0,0,0,--,--,0,0,--,--,0,0,0,0,--,0,0,0,0,0,0,0,0,--,--,0,--,0,0,0,0,--,0,0,0,0,0,0,--,--,0,--,--,5,--,0,0,--,5,0,0,0,0,--,--,0,--,0,--,--,--
"Marshall Islands, Republic of the",0,0,0,0,0,0,0,0,0,0,0,0,0,0,0,0,0,0,0,0,0,0,0,0,0,0,0,0,0,0,0,0,0,0,0,0,0,0,0,0,0,0,0,0,0,0,0,0,0,0,0,0,0,0,0,0,0,0,0,0,0,0,0,0,0,0,0,0,0,0,0,0,0,0,0,0,0,--,0,--,0,0,0,0,--,0,0,0,0,0,0,0,0,0,0,0,0
Martinique,0,0,0,0,0,0,0,0,0,0,0,0,0,0,0,0,0,0,0,0,0,0,0,0,0,0,0,0,0,0,0,0,0,0,0,0,0,0,0,0,0,0,0,0,0,0,0,0,0,0,0,0,0,0,0,0,0,0,0,0,0,0,0,0,0,0,0,0,0,0,0,0,0,0,0,0,0,0,0,0,0,0,0,0,0,--,0,0,--,0,0,0,0,0,0,0,--
Mauritania,--,5,0,5,0,--,0,--,--,15,5,25,0,--,--,5,40,--,--,--,--,--,--,--,--,--,5,10,20,5,0,--,10,35,--,0,--,--,--,5,--,10,5,15,15,35,--,--,5,15,60,10,--,5,15,5,--,5,10,--,20,10,30,5,--,--,10,65,10,--,5,15,--,5,5,15,--,15,--,20,5,5,--,15,60,5,--,--,10,--,--,--,10,--,5,10,25
Mauritius,20,--,10,30,15,20,15,50,30,130,75,235,15,25,40,75,380,30,30,10,75,15,20,35,70,25,165,100,290,25,25,40,85,505,30,20,20,70,25,25,20,70,35,245,125,405,25,10,45,80,610,30,5,15,50,20,30,25,75,35,290,65,390,15,35,55,105,610,35,15,20,70,30,25,15,70,45,295,75,410,25,15,55,95,635,35,15,10,55,15,25,10,45,15,45,60,155
Mexico,290,145,110,545,170,155,200,525,315,"1,265","1,150","2,730",185,125,215,525,"4,225",365,175,165,700,190,230,260,675,305,"1,560","1,195","3,055",200,180,230,610,"4,905",355,180,165,695,170,190,275,635,355,"1,875","1,295","3,515",285,220,270,775,"5,440",415,220,205,835,300,265,330,890,360,"1,985",950,"3,290",285,290,320,895,"5,755",615,250,260,"1,125",280,310,295,885,480,"2,125",980,"3,580",305,240,290,835,"6,260",535,250,215,"1,000",225,300,145,665,135,510,645,"2,245"
Moldova,--,0,--,5,--,5,--,10,--,10,5,20,--,5,5,15,45,5,--,--,10,--,5,--,10,--,5,5,15,--,--,5,10,45,--,--,--,10,--,--,5,10,10,10,10,25,0,--,5,5,45,--,--,--,5,--,5,5,15,--,5,5,15,10,5,5,20,55,--,5,--,10,--,--,5,10,--,5,10,15,5,5,--,10,50,--,--,0,--,0,--,--,5,--,--,5,15
Monaco,0,0,--,--,0,0,--,--,--,--,0,5,0,0,0,0,5,0,0,0,0,0,--,0,--,0,0,--,--,--,0,0,--,--,0,0,0,0,0,0,0,0,0,--,--,--,0,0,0,0,--,0,0,0,0,0,0,0,0,0,0,--,--,--,0,0,--,--,0,0,0,0,0,0,--,--,0,0,--,--,0,0,0,0,--,0,0,0,0,0,0,0,0,0,0,0,0
"Mongolia, People's Republic of",10,5,--,20,5,5,5,20,10,30,15,55,5,10,10,25,115,10,5,10,25,10,15,10,30,15,35,30,80,15,--,10,30,160,5,5,--,15,--,5,5,15,5,50,30,85,5,10,5,25,130,10,5,--,20,10,5,5,20,10,30,25,65,5,15,20,40,145,15,5,10,30,10,5,--,20,5,50,20,80,5,5,10,20,140,5,10,--,20,--,10,--,15,--,15,15,50
"Montenegro, Republic of",--,0,0,--,0,0,0,0,--,--,--,5,0,0,0,0,10,0,--,0,--,0,0,--,--,0,0,--,--,0,0,0,0,--,--,0,0,--,0,0,0,0,--,--,0,--,0,--,0,--,--,0,0,0,0,0,0,0,0,0,--,--,--,0,--,0,--,--,0,0,0,0,0,0,0,0,0,--,0,--,--,0,0,--,5,--,0,0,--,0,--,0,--,0,--,--,--
Morocco,105,75,50,230,60,80,80,220,145,365,225,730,70,75,185,330,"1,455",130,70,70,270,80,85,95,255,70,365,275,705,75,60,195,330,"1,495",170,60,45,270,50,80,70,205,90,460,300,855,105,110,275,485,"1,700",225,55,80,350,115,105,130,345,135,565,310,"1,010",125,120,255,500,"2,105",370,105,135,600,150,145,150,440,185,785,490,"1,460",135,125,400,660,"3,070",380,80,65,525,120,240,85,440,90,305,395,"1,330"
Mozambique,0,0,--,--,--,0,--,--,--,--,--,5,0,0,--,--,15,--,0,0,--,--,--,0,--,0,--,--,--,0,0,0,0,5,0,--,0,--,--,--,0,--,0,--,--,5,--,0,--,--,10,--,0,--,5,0,--,--,--,--,--,--,5,--,0,--,--,15,--,0,--,--,0,--,0,--,0,--,5,10,0,0,--,--,15,--,0,0,--,--,--,0,--,0,--,--,5
Myanmar (Burma),--,--,--,5,--,--,--,5,--,5,--,15,--,0,--,--,25,--,--,0,--,--,--,--,5,--,--,5,15,--,--,--,5,30,--,0,0,--,--,--,--,5,--,5,5,15,--,--,5,10,35,5,--,--,10,--,--,--,5,--,5,10,15,--,--,--,10,40,5,--,0,10,10,10,--,20,--,45,25,70,--,0,20,20,120,5,--,--,10,--,15,5,25,5,10,15,45
Namibia,0,0,0,0,0,0,--,--,0,5,--,10,--,--,0,--,10,0,--,--,--,--,--,--,5,--,0,--,--,--,0,--,5,15,--,--,--,5,0,--,0,--,--,--,--,5,0,0,--,--,15,--,--,--,--,--,--,--,--,0,--,5,10,--,0,--,--,15,--,--,0,5,--,0,--,--,0,0,--,--,0,--,--,--,15,0,--,--,5,--,0,0,--,--,--,--,10
Nepal,5,--,--,10,10,10,10,35,10,35,25,65,5,10,20,40,150,25,10,5,40,15,15,5,30,10,55,30,100,10,10,25,50,215,20,5,5,30,10,15,15,35,25,80,75,180,10,15,70,95,340,25,10,10,45,50,40,25,110,25,155,75,255,20,15,95,130,525,35,20,25,80,90,45,20,155,30,185,60,275,20,15,225,265,765,50,25,15,85,30,50,20,100,20,65,80,255
"Netherlands Antilles, The",0,0,0,0,0,0,0,0,0,0,0,0,0,0,0,0,0,0,0,0,0,0,0,0,0,0,0,0,0,0,0,0,0,0,0,0,0,0,0,0,0,0,0,0,0,0,0,0,0,0,0,0,0,0,0,0,0,0,0,0,0,--,--,0,0,0,0,--,0,0,0,0,0,0,0,0,0,0,0,0,0,0,0,0,0,0,0,0,0,0,0,0,0,--,0,--,--
"Netherlands, The",30,10,5,40,15,5,10,35,30,95,35,160,15,10,15,45,275,20,15,15,50,20,15,15,50,15,105,60,180,20,15,20,55,330,25,15,5,50,5,10,10,30,20,155,55,225,20,10,20,50,350,30,15,10,50,10,40,25,75,25,120,60,205,15,25,15,55,370,30,15,10,55,15,15,15,45,35,135,35,205,15,10,10,35,335,25,5,--,35,15,10,--,25,5,20,30,85
New Caledonia,0,--,--,--,0,0,0,0,--,--,--,5,0,0,0,0,5,0,0,0,0,0,0,--,--,0,--,--,--,0,0,0,0,--,--,0,0,--,0,0,0,0,--,--,--,5,0,--,0,--,10,0,0,0,0,0,0,0,0,0,--,0,--,0,--,0,--,--,0,--,0,--,0,0,0,0,0,0,0,0,--,0,0,--,--,0,0,--,--,0,--,0,--,--,0,--,--
New Zealand,5,5,--,15,--,--,5,10,10,40,15,65,--,--,10,20,105,15,10,10,30,5,5,5,20,5,40,20,65,--,5,10,20,125,10,--,--,15,--,--,10,15,5,40,20,65,5,5,5,15,105,10,--,--,20,5,5,15,25,5,35,10,50,5,--,10,20,110,10,10,--,20,--,10,10,20,20,50,10,80,5,--,10,15,140,15,--,--,15,--,5,5,15,--,10,10,40
Nicaragua,0,--,0,--,--,0,--,--,--,5,--,10,--,0,--,--,10,--,0,--,--,--,0,--,5,0,--,--,5,--,--,--,--,15,--,--,--,--,0,0,0,0,0,10,10,20,--,--,--,5,30,--,0,5,5,--,--,--,--,--,10,--,15,--,--,--,5,30,5,--,--,10,--,--,--,10,--,25,--,30,--,--,--,10,60,--,--,--,5,--,--,0,--,--,--,--,10
"Niger, Republic of the",15,5,--,20,--,5,--,15,15,20,15,50,5,--,20,25,105,5,15,5,25,10,15,5,30,5,20,15,45,5,--,15,20,115,10,--,--,15,--,--,--,10,5,20,10,40,5,--,15,20,80,10,5,--,20,--,5,10,15,--,30,25,55,--,--,20,25,115,10,10,10,30,10,10,5,25,5,30,20,55,--,10,15,30,135,10,--,--,20,--,10,5,20,5,20,25,65
Nigeria,500,255,225,975,420,380,285,"1,085",600,"1,455","1,045","3,095",355,370,735,"1,455","6,325",745,340,305,"1,385",375,480,555,"1,395",455,"1,120",930,"2,490",345,440,495,"1,275","6,160",475,220,305,995,300,360,315,975,530,"1,190","1,095","2,815",490,425,615,"1,525","5,950",560,265,245,"1,065",480,485,585,"1,540",560,"1,290",850,"2,695",405,465,710,"1,575","6,520",750,345,480,"1,560",555,555,510,"1,615",755,"1,670","1,095","3,510",320,265,605,"1,185","7,550",555,210,250,"1,010",535,965,735,"2,210",520,455,970,"4,020"
Norway,5,--,--,10,--,--,--,5,10,110,20,140,--,--,--,10,165,--,--,--,10,--,--,5,10,--,95,30,125,--,5,5,10,160,5,0,0,5,--,5,25,30,5,90,30,125,--,--,5,10,170,5,--,--,10,--,--,10,15,--,75,25,105,--,--,5,10,135,10,--,--,15,--,--,10,15,5,85,15,100,5,--,--,10,140,--,0,--,5,--,--,--,5,--,5,10,20
Oman,--,5,--,10,--,5,10,15,10,20,25,50,--,--,--,10,85,--,--,--,5,--,0,10,15,10,10,15,35,10,--,5,20,70,10,--,--,15,--,--,--,10,--,15,20,35,--,--,--,5,65,5,--,--,10,5,--,5,15,0,15,10,25,--,5,20,30,80,5,--,--,10,--,--,--,5,--,10,10,25,--,--,45,50,85,15,0,--,15,5,--,--,10,--,5,10,35
Pakistan,200,95,85,380,160,135,100,395,220,455,415,"1,090",120,155,285,555,"2,315",240,215,150,595,175,205,215,585,150,335,345,830,155,185,365,705,"2,545",190,95,125,410,105,125,110,340,150,460,370,980,115,130,170,415,"2,040",140,65,65,270,165,110,150,425,120,445,370,935,155,150,220,520,"2,060",195,90,145,430,115,150,115,385,200,555,315,"1,065",80,70,225,370,"2,180",140,70,70,280,140,275,150,560,135,100,230,"1,045"
"Palau, Republic of",0,0,0,0,0,0,0,0,0,0,0,0,0,0,0,0,0,0,0,0,0,0,--,0,--,0,0,0,0,0,0,0,0,--,0,0,0,0,0,0,0,0,0,0,0,0,0,0,0,0,0,0,0,0,0,0,0,0,0,0,0,0,0,0,0,0,0,0,--,0,0,--,0,0,0,0,0,0,0,0,0,0,0,0,--,0,0,0,0,0,0,0,0,0,0,0,0
Palestinian Authority (Gaza/West Bank),5,--,--,10,--,--,10,10,5,15,20,40,--,10,10,25,80,5,5,5,15,10,5,5,25,5,30,15,50,10,10,15,30,110,10,10,--,25,--,5,--,15,10,25,20,55,15,--,15,35,120,10,5,--,20,10,10,10,30,5,45,20,65,10,10,15,35,140,10,10,10,25,15,5,30,50,15,40,15,70,15,--,10,30,175,10,10,--,20,15,25,15,55,10,10,20,95
"Panama, Republic of",10,--,--,15,10,10,5,25,5,30,15,50,5,--,10,20,100,5,5,15,25,15,5,5,30,5,15,10,30,10,10,10,30,105,15,10,10,30,15,10,15,40,5,25,15,45,5,15,10,35,140,20,10,50,80,10,10,25,50,10,45,50,105,125,40,20,180,395,10,10,20,40,20,15,15,55,10,40,30,80,10,15,10,35,205,20,10,35,65,10,10,5,25,10,15,25,115
Papua New Guinea,--,0,0,--,0,0,--,--,0,0,--,--,0,--,0,--,5,0,0,--,--,0,0,0,0,--,--,--,--,--,0,0,--,10,0,0,--,--,0,0,0,0,0,0,0,0,0,0,0,0,--,0,0,0,0,0,0,0,0,--,0,--,--,0,0,--,--,--,0,--,0,--,--,0,--,--,0,0,0,0,0,0,0,0,--,0,0,0,0,0,0,0,0,0,--,--,--
Paraguay,--,--,--,--,0,--,0,--,--,5,--,5,--,--,--,--,15,5,--,0,10,--,5,--,10,--,10,--,15,--,--,--,5,35,--,--,0,5,0,0,0,0,--,15,5,20,--,0,--,--,30,0,--,--,--,0,--,--,--,0,10,--,15,--,--,--,5,30,--,--,--,5,0,0,--,--,--,--,--,10,0,--,--,--,20,--,--,--,--,--,--,--,5,0,--,--,10
Peru,15,15,15,45,10,10,15,35,30,75,60,165,10,15,25,50,285,30,15,25,70,30,25,30,85,35,95,40,175,20,20,45,85,395,25,20,30,75,30,25,30,85,45,155,50,250,25,30,55,110,495,45,20,25,90,40,30,40,115,45,165,65,275,25,35,50,105,560,65,30,40,135,40,50,50,135,55,190,75,320,30,35,70,135,695,60,35,20,115,30,55,15,95,20,60,80,280
Philippines,95,125,95,315,150,155,175,480,185,310,210,705,140,135,175,450,"1,880",175,190,180,545,200,330,305,825,185,405,340,925,245,210,290,740,"2,895",215,145,145,505,165,200,160,525,230,535,315,"1,075",220,215,380,805,"2,750",305,160,175,635,360,255,305,915,260,910,325,"1,490",205,310,690,"1,210","4,075",450,255,315,"1,015",460,325,360,"1,140",480,"1,575",520,"2,575",295,325,"1,140","1,760","6,340",415,220,205,840,250,340,290,875,335,585,915,"2,575"
Poland,15,10,--,30,5,10,10,30,15,50,30,95,10,10,10,30,175,20,10,15,40,10,15,10,40,15,45,25,80,10,10,15,30,190,5,--,10,20,--,10,15,25,15,55,35,105,10,10,5,30,170,15,--,--,20,20,10,5,35,5,55,25,85,20,5,10,40,170,15,--,10,35,5,--,10,20,25,60,20,105,10,--,10,25,180,15,5,--,25,5,10,5,25,--,5,10,55
Portugal,15,15,10,40,15,15,15,45,25,60,40,125,20,15,25,60,255,20,10,15,45,5,30,25,60,20,55,40,110,20,15,20,55,260,35,25,10,65,10,20,15,45,20,75,50,145,15,20,30,65,300,20,10,10,45,10,25,25,60,20,55,30,100,15,25,15,55,255,20,10,10,40,10,20,15,45,20,70,20,110,10,10,15,30,225,10,5,5,20,25,15,5,45,5,35,40,100
Qatar,--,--,--,10,--,0,0,--,--,--,--,5,--,--,--,--,20,--,--,--,5,5,--,0,5,--,0,5,10,--,--,0,--,20,--,0,0,--,--,0,--,--,--,--,--,5,--,--,--,5,15,--,0,--,--,--,--,--,--,--,5,--,10,--,0,0,--,15,--,--,0,--,0,--,--,--,--,10,5,15,0,--,0,--,20,--,0,0,--,--,--,0,--,0,--,--,5
Reunion,0,0,0,0,0,0,0,0,0,0,0,0,0,0,0,0,0,0,0,0,0,0,0,0,0,0,0,0,0,0,0,0,0,0,0,0,0,0,0,0,0,0,0,0,0,0,0,0,0,0,0,0,0,0,0,0,0,0,0,0,0,0,0,0,0,0,0,0,0,0,0,0,0,0,0,0,--,0,0,--,0,0,0,0,--,0,0,0,0,0,0,0,0,0,0,0,0
Romania,10,5,--,20,10,10,10,30,15,25,15,55,10,5,5,20,120,10,5,5,25,--,10,10,20,10,20,20,50,10,5,5,25,115,15,10,--,30,5,10,15,25,5,25,30,60,15,10,5,25,135,10,--,5,20,10,10,20,40,5,35,15,60,10,10,10,35,145,20,5,5,30,10,5,15,30,15,35,15,65,10,10,10,30,155,--,--,5,15,10,15,--,25,5,10,15,50
Russia,75,55,60,190,60,65,115,240,190,400,265,855,100,110,115,320,"1,510",95,100,80,275,75,105,150,320,105,345,225,675,85,105,105,295,"1,495",85,45,65,195,55,90,105,250,135,400,270,810,115,80,75,270,"1,445",90,40,50,185,80,95,120,295,110,420,200,730,100,115,75,290,"1,435",110,60,65,230,70,90,105,260,170,475,240,885,85,60,70,220,"1,560",90,55,40,185,60,85,65,210,55,160,220,600
Rwanda,20,5,10,35,10,10,10,30,15,70,30,120,10,10,25,45,225,40,20,15,70,15,25,20,60,15,80,60,155,25,15,35,75,340,40,10,10,60,20,20,25,65,25,100,105,235,25,30,60,110,460,50,20,20,90,25,20,45,90,20,105,120,245,30,45,70,145,550,65,30,35,130,60,50,25,135,55,110,120,285,50,55,85,185,710,45,20,20,85,25,40,20,85,25,65,90,250
Saint-Martin,0,0,0,0,0,0,0,0,0,0,0,0,0,0,0,0,0,0,0,0,0,0,0,0,0,0,0,0,0,0,0,0,0,0,0,0,0,0,0,0,0,0,0,0,0,0,0,0,0,0,0,0,0,0,0,0,0,0,0,0,--,0,--,0,0,0,0,--,0,0,0,0,--,0,0,--,0,--,--,--,0,0,0,0,--,0,0,0,0,0,0,0,0,0,0,0,0
"Samoa, Independent State of",0,0,0,0,0,0,0,0,0,0,0,0,0,0,0,0,0,0,0,0,0,0,0,0,0,0,0,0,0,0,0,0,0,0,0,0,0,0,0,0,0,0,0,--,0,--,0,0,0,0,--,0,0,0,0,0,0,0,0,0,0,0,0,0,0,0,0,0,0,0,0,0,0,0,0,0,0,0,0,0,0,0,0,0,0,0,0,0,0,0,0,0,0,0,0,0,0
San Marino,0,0,0,0,0,0,0,0,0,0,0,0,0,0,0,0,0,0,0,0,0,0,0,0,0,0,0,--,--,0,0,0,0,--,0,0,0,0,0,0,0,0,0,0,0,0,0,0,0,0,0,0,0,0,0,0,0,0,0,0,0,--,--,0,0,0,0,--,0,0,0,0,0,0,0,0,0,0,--,--,0,0,0,0,--,0,0,0,0,0,0,0,0,0,0,0,0
Sao Tome and Principe,0,0,0,0,0,0,--,--,0,--,0,--,0,0,0,0,--,0,0,0,0,0,0,0,0,0,0,0,0,0,0,0,0,0,0,0,0,0,0,0,0,0,0,0,0,0,0,0,--,--,--,0,0,0,0,0,0,0,0,0,0,0,0,0,0,0,0,0,0,0,0,0,0,0,0,0,0,0,0,0,0,0,0,0,0,0,0,0,0,0,0,0,0,0,0,0,0
Saudi Arabia,700,755,560,"2,010",640,575,625,"1,840",880,965,870,"2,705",480,530,610,"1,615","7,660",545,515,440,"1,490",400,580,560,"1,525",400,625,570,"1,590",370,405,435,"1,210","5,480",705,285,225,"1,210",210,395,315,915,330,515,650,"1,490",485,785,440,"1,710","5,080",355,280,220,860,335,370,510,"1,210",285,135,155,580,115,90,105,310,"2,870",170,80,100,340,90,120,105,310,110,165,160,435,65,50,65,180,"1,185",75,70,40,185,75,125,45,245,45,60,105,525
Senegal,90,35,30,150,30,40,25,100,90,170,115,375,25,20,105,150,740,85,45,30,155,50,55,45,145,50,145,110,305,35,30,65,130,705,60,20,20,100,25,45,25,90,35,145,140,320,60,55,110,225,705,95,30,20,145,50,75,45,165,55,165,135,355,50,40,80,170,810,145,45,55,240,80,60,80,220,75,235,180,490,35,40,115,190,"1,105",95,30,25,155,40,55,35,125,25,145,175,445
"Serbia, Republic of",5,--,--,10,5,--,5,10,20,30,15,60,5,5,--,15,95,--,5,--,10,5,15,10,30,5,20,20,45,--,5,5,15,100,--,--,5,15,--,15,20,35,10,20,25,50,10,--,5,20,120,10,10,--,20,5,5,10,20,10,20,10,40,10,10,5,25,105,10,10,15,30,--,--,10,15,10,20,20,50,10,15,10,35,135,10,5,10,25,10,10,5,25,5,20,25,75
Seychelles,0,0,0,0,--,0,--,--,--,--,0,--,0,0,0,0,5,--,0,--,--,--,--,--,--,0,--,--,--,0,0,0,0,10,0,--,0,--,0,0,0,0,0,0,0,0,0,0,--,--,--,--,--,0,--,0,0,0,0,0,--,--,--,0,0,0,0,--,--,0,--,--,0,0,0,0,0,0,0,0,0,0,0,0,--,0,--,0,--,0,0,0,0,0,0,0,--
Sierra Leone,0,--,--,5,--,0,--,--,--,--,5,10,--,0,--,--,20,5,--,--,5,0,--,5,5,--,5,--,10,--,0,0,--,25,--,0,0,--,--,--,0,--,--,10,10,25,0,--,--,--,30,--,--,--,10,--,5,--,10,--,10,5,15,--,--,--,10,40,--,--,--,10,0,--,0,--,5,10,--,20,0,--,--,--,30,--,0,--,--,--,0,--,5,--,--,5,15
Singapore,25,5,10,40,15,15,25,55,25,100,45,170,15,10,30,55,305,15,20,10,45,15,20,25,60,20,85,35,140,15,10,20,45,275,5,10,10,25,15,10,15,40,15,145,50,215,10,10,20,40,310,20,10,10,40,15,20,20,55,20,105,45,170,15,20,30,65,315,25,25,10,65,5,20,15,45,30,155,35,215,10,5,20,35,350,25,15,5,40,10,20,5,35,15,45,60,135
Sint-Maarten,0,0,0,0,0,0,0,0,0,0,0,0,0,0,0,0,0,0,0,0,0,0,0,0,0,0,0,0,0,0,0,0,0,0,0,0,0,0,0,0,0,0,0,0,0,0,0,0,0,0,0,0,0,0,0,0,0,0,0,0,0,--,--,0,0,0,0,--,0,0,0,0,0,0,0,0,0,0,0,0,0,0,0,0,0,0,0,0,0,0,0,0,0,0,0,0,0
Slovak Republic,10,--,--,15,--,5,5,15,15,30,25,65,15,5,15,35,120,10,10,10,30,10,5,15,30,15,30,25,75,10,10,5,25,155,10,10,5,30,--,10,10,20,5,40,30,70,10,5,5,20,135,10,5,--,15,--,5,10,20,5,35,20,65,5,5,5,20,120,25,--,--,30,5,10,5,20,10,40,25,70,--,10,--,15,130,10,5,--,20,--,5,--,15,--,10,10,40
Slovenia,--,--,--,5,0,--,--,--,--,5,--,10,--,--,--,5,25,--,0,0,--,0,0,--,--,0,10,--,10,--,--,--,--,20,--,--,--,--,0,--,0,--,--,5,--,10,--,--,0,5,20,0,--,--,5,--,--,--,--,0,10,--,10,--,--,--,5,25,0,--,0,--,--,--,--,--,--,--,5,10,--,0,--,--,15,--,--,0,--,0,--,0,--,--,--,--,5
"Solomons, The",0,0,--,--,0,--,--,--,--,--,0,--,0,--,0,--,5,0,0,0,0,0,0,--,--,0,--,--,5,0,0,--,--,10,0,0,--,--,--,0,0,--,0,0,--,--,--,0,0,--,10,0,0,--,--,0,--,--,--,--,--,--,5,0,0,0,0,10,0,0,0,0,0,--,--,--,--,--,--,--,0,0,--,--,5,0,0,0,0,0,0,0,0,0,0,0,0
"Somalia, Democratic Republic of",0,0,--,--,--,0,--,--,--,--,--,10,5,--,--,10,25,10,5,--,15,--,5,10,15,--,10,10,20,15,5,5,30,80,15,10,5,30,--,5,5,15,10,10,5,25,5,5,5,15,85,20,--,--,25,--,5,--,10,--,5,--,10,10,5,10,25,70,5,10,10,25,5,10,--,20,--,5,--,10,0,--,--,5,60,--,--,5,10,5,--,--,10,--,5,10,30
"South Africa, Republic of",15,15,15,50,30,10,15,55,30,50,40,120,25,15,30,75,290,25,15,20,60,20,25,25,65,30,65,45,145,25,25,25,75,330,35,10,20,65,15,20,30,65,25,85,45,155,30,25,30,90,355,30,15,25,70,20,35,30,85,25,55,45,130,15,30,45,85,365,50,20,30,95,45,40,15,100,45,100,35,180,25,20,80,125,490,50,30,25,105,15,20,30,60,15,40,55,225
"South Sudan, Republic of",--,0,0,--,0,0,0,0,0,--,0,--,--,--,0,--,5,--,0,--,--,0,--,--,--,0,--,0,--,--,--,--,5,10,--,--,0,--,0,0,--,--,0,--,--,--,0,0,--,--,10,--,0,0,--,--,0,0,--,0,--,--,--,0,0,0,0,5,--,0,0,--,--,0,--,--,0,--,--,--,--,--,--,--,10,--,0,--,--,--,--,--,5,0,--,--,10
Spain,60,35,25,120,35,35,20,90,50,330,400,780,50,25,45,120,"1,085",85,45,40,170,25,40,55,115,50,360,620,"1,030",30,35,55,120,"1,405",75,30,30,135,20,45,40,105,50,705,490,"1,240",50,45,45,135,"1,590",80,35,35,150,45,45,50,135,55,865,465,"1,385",45,50,45,140,"1,785",135,40,30,200,45,40,30,115,60,"1,090",355,"1,505",40,35,35,110,"1,910",80,25,15,115,25,50,35,110,20,85,105,325
Sri Lanka,15,15,5,40,15,20,15,55,25,70,45,140,20,10,30,65,290,35,25,20,75,25,25,25,75,25,75,75,175,15,25,50,95,400,30,20,10,60,25,25,20,70,15,130,90,235,20,25,40,90,445,40,15,10,70,30,30,30,95,30,150,85,265,30,25,105,160,570,80,25,25,130,45,60,50,155,60,220,150,435,45,35,195,275,975,105,50,35,190,40,95,55,185,50,50,100,465
St. Kitts-Nevis,--,0,0,--,0,--,0,--,10,5,10,25,--,--,--,10,35,--,--,--,5,--,5,--,10,--,10,--,15,--,0,--,5,35,5,--,--,5,0,--,--,5,5,10,10,30,--,--,--,5,45,--,--,--,--,--,0,5,10,5,15,10,30,5,--,--,10,50,--,--,--,5,--,--,--,5,--,15,10,25,--,--,--,10,45,5,0,10,15,--,--,--,5,0,5,5,25
St. Lucia,5,5,5,20,--,0,5,10,10,20,15,45,5,--,5,15,85,10,--,--,15,5,5,5,15,5,25,10,45,--,--,10,15,85,--,--,--,10,5,5,--,15,5,25,20,50,10,--,5,15,90,10,--,--,15,5,--,5,15,5,30,15,50,5,10,5,25,100,10,0,5,15,--,--,--,5,5,25,15,45,--,--,5,10,80,--,5,0,10,--,10,--,15,--,15,20,40
St. Vincent and the Grenadines,--,--,0,--,--,0,--,5,5,5,10,20,--,--,--,5,35,--,--,--,5,--,--,--,5,--,5,10,20,5,--,--,10,40,--,--,--,10,0,--,--,5,--,15,10,25,--,5,--,15,50,--,0,0,--,--,--,0,--,5,15,--,20,0,0,--,--,25,--,0,--,--,--,--,--,--,5,5,5,15,5,--,5,10,35,5,--,--,10,0,--,0,--,--,--,5,15
Stateless,--,5,--,15,--,--,5,10,10,20,10,35,5,--,5,15,75,10,--,--,15,5,5,5,20,--,15,10,25,10,--,5,20,80,10,5,--,20,--,--,--,10,10,20,20,50,10,5,15,30,110,10,0,--,10,5,5,5,20,--,25,20,45,15,10,10,35,110,15,5,10,30,--,10,10,25,10,30,15,50,--,--,5,15,115,--,5,--,15,10,10,--,25,--,10,15,50
"Sudan, Democratic Republic of",--,--,0,5,15,5,5,25,--,10,15,25,--,5,15,20,70,5,5,5,20,5,10,5,20,--,15,15,30,10,5,10,25,95,5,10,--,20,5,10,--,15,10,30,35,75,10,15,15,40,140,5,5,5,20,15,15,5,35,5,25,25,55,10,10,20,40,145,15,5,--,25,10,20,15,40,25,50,25,105,5,5,10,20,190,15,5,--,20,15,25,15,50,15,25,40,110
Surinam,0,0,0,0,0,--,0,--,--,5,--,10,0,0,--,--,10,--,0,0,--,--,--,--,5,0,--,--,5,0,--,--,--,10,0,--,0,--,0,0,--,--,--,5,0,10,--,--,0,5,15,0,--,--,--,0,--,--,--,--,0,--,--,0,0,--,--,5,0,0,--,--,--,0,--,--,0,--,5,10,--,0,0,--,15,--,0,0,--,0,--,--,--,--,--,--,5
Swaziland,0,0,--,--,0,--,0,--,0,--,0,--,--,0,--,--,10,--,--,--,5,0,--,0,--,--,--,--,--,0,0,--,--,10,0,0,--,--,0,0,0,0,0,--,--,5,--,--,0,--,10,--,0,0,--,0,0,--,--,--,--,--,--,--,--,--,--,10,--,0,0,--,0,0,0,0,0,--,0,--,0,0,--,--,5,0,0,0,0,0,0,0,0,--,0,--,--
Sweden,15,--,--,20,5,5,5,15,10,95,35,145,5,5,10,25,200,5,15,10,30,5,--,15,25,10,95,30,135,5,--,10,15,200,15,--,--,25,15,5,--,25,10,95,40,150,5,10,10,25,220,15,5,--,25,15,5,5,25,10,85,35,130,5,10,15,30,200,20,5,5,30,--,5,5,15,10,90,20,120,5,--,10,20,180,15,10,--,25,10,--,5,20,--,15,20,65
Switzerland,25,10,10,45,20,10,15,45,35,200,80,315,15,25,15,55,455,30,20,20,70,10,25,20,55,20,200,70,285,15,15,10,40,440,30,10,15,55,10,20,20,45,35,245,105,380,25,15,20,65,535,30,15,10,55,10,20,20,50,35,240,70,345,20,20,15,55,500,30,10,15,55,10,10,15,35,25,220,75,320,15,10,5,30,435,25,5,5,35,10,15,10,35,5,30,40,105
Syria,15,10,10,35,10,10,10,30,25,40,50,115,10,15,15,40,210,10,20,10,40,10,5,10,30,20,35,30,85,15,15,10,35,185,15,15,15,40,--,25,10,35,10,40,45,95,25,20,30,75,245,15,10,15,35,25,15,20,60,15,50,50,115,25,20,15,60,260,25,15,10,50,20,25,25,70,20,65,30,115,15,20,15,50,275,10,5,10,25,20,35,20,70,20,15,35,130
Taiwan,115,120,120,350,100,130,240,470,300,530,320,"1,135",150,140,175,455,"2,245",190,175,135,490,140,250,320,705,230,565,400,"1,190",175,160,175,490,"2,650",160,145,135,435,135,195,250,575,285,745,465,"1,500",270,185,200,635,"2,845",165,130,145,440,200,275,365,830,310,745,500,"1,550",220,250,190,655,"3,160",220,170,255,645,235,325,310,865,400,840,460,"1,695",280,130,155,560,"3,465",155,185,110,450,175,330,130,630,90,300,390,"1,400"
Tajikistan,0,0,0,0,0,--,--,--,--,0,--,--,--,0,0,--,5,--,0,0,--,--,0,0,--,--,0,0,--,0,--,5,10,10,--,0,0,--,0,0,--,--,0,5,10,15,--,0,--,--,20,--,--,0,--,--,0,0,--,--,--,10,15,0,--,--,--,20,--,0,--,--,0,--,--,--,--,--,--,10,--,--,0,--,15,--,0,--,--,--,0,0,--,--,--,--,10
"Tanzania, United Republic of",15,--,10,30,10,15,10,35,25,75,85,180,15,20,35,70,315,45,20,15,80,15,25,25,60,15,75,70,160,15,20,40,75,360,30,10,20,60,20,25,15,60,20,95,80,195,20,20,40,75,375,30,10,15,60,35,25,15,75,25,75,55,155,20,25,55,100,365,50,15,15,85,25,20,10,55,40,120,60,220,15,15,60,85,435,45,15,15,70,15,25,10,50,20,40,60,175
Thailand,55,45,25,125,55,55,60,170,75,190,140,405,35,40,60,135,785,65,45,40,150,55,55,75,180,45,195,160,400,50,40,40,130,800,40,40,30,110,45,45,65,150,65,265,170,495,50,50,35,135,830,70,40,45,155,55,65,85,205,45,275,170,490,50,55,40,145,930,65,20,60,150,50,55,55,155,55,365,165,580,40,25,40,105,940,60,30,25,115,30,50,25,100,30,100,130,325
"Togo, Republic of",30,5,10,45,15,10,10,35,30,60,70,155,20,15,30,60,295,25,15,20,60,20,15,15,50,15,40,35,90,20,20,25,65,255,30,15,15,55,10,5,10,25,15,60,50,125,25,20,35,80,265,40,--,15,60,20,15,25,60,15,50,45,110,20,20,30,70,285,65,15,20,95,25,20,25,70,30,110,85,225,30,20,35,85,460,25,15,5,45,20,25,5,50,5,45,50,135
Tonga,0,0,0,0,0,0,0,0,0,0,0,0,0,0,0,0,0,0,0,0,0,0,0,0,0,0,0,0,0,0,0,0,0,0,0,0,0,0,0,0,0,0,0,--,0,--,0,0,0,0,--,0,0,0,0,--,0,0,--,0,0,0,0,0,0,0,0,--,0,0,0,0,0,0,0,0,0,0,0,0,0,0,0,0,0,--,0,0,--,0,0,0,0,0,0,0,--
"Trinidad and Tobago, Republic of",15,5,5,30,5,10,10,25,15,75,45,135,10,5,15,30,215,15,--,15,30,10,10,10,30,10,75,45,135,5,10,15,35,215,15,5,10,30,10,10,10,30,20,125,70,215,15,15,25,50,315,20,5,10,35,15,15,20,50,25,185,45,255,20,10,30,60,390,35,20,15,70,20,15,15,55,30,225,35,290,10,10,25,50,455,35,5,10,50,15,10,5,30,10,25,35,115
Tunisia,115,70,50,235,50,65,50,165,125,185,110,420,50,50,155,255,"1,030",110,55,65,230,90,105,65,255,75,175,180,425,65,60,165,290,"1,130",115,70,60,240,60,75,40,175,75,235,175,485,65,75,190,330,"1,170",125,60,55,240,85,90,75,250,75,230,150,455,100,90,170,360,"1,260",195,75,75,340,115,70,100,285,130,230,190,550,65,80,220,365,"1,490",180,65,55,300,90,185,95,365,80,90,175,815
Turkey,105,55,55,215,50,65,75,190,115,445,365,925,125,105,105,335,"1,615",175,90,85,355,80,115,145,340,120,500,565,"1,185",185,125,150,455,"2,215",145,105,105,350,115,125,150,395,205,900,695,"1,795",220,150,190,555,"2,960",235,110,70,410,120,195,195,505,195,920,640,"1,755",235,180,205,620,"3,130",280,180,145,605,140,185,210,535,230,885,580,"1,695",205,150,220,575,"3,255",210,135,110,455,120,165,100,380,135,220,355,"1,155"
Turkmenistan,0,0,--,--,--,0,0,--,--,--,--,5,0,--,--,--,10,0,0,--,--,--,0,--,5,--,--,0,--,--,0,0,--,10,0,0,0,0,--,--,--,--,--,--,--,5,0,--,--,--,10,0,0,0,0,0,0,--,--,--,10,0,10,--,0,--,5,20,--,--,--,5,0,--,5,5,--,--,0,--,--,0,--,--,20,5,0,--,5,0,0,0,0,0,--,--,10
Tuvalu,0,0,0,0,0,0,0,0,0,0,0,0,0,0,0,0,0,0,0,0,0,0,0,0,0,0,0,0,0,0,0,0,0,0,0,0,0,0,0,0,0,0,0,0,0,0,0,0,0,0,0,0,0,0,0,0,0,0,0,0,0,0,0,0,0,0,0,0,--,0,0,--,0,0,0,0,0,0,0,0,0,0,0,0,--,0,0,0,0,0,0,0,0,0,0,0,0
Uganda,5,--,5,15,10,10,10,30,15,45,30,90,5,10,20,35,155,25,15,5,45,20,20,25,65,10,60,40,110,10,10,30,55,255,25,10,10,45,15,20,10,45,10,65,50,125,15,20,30,65,275,25,10,15,50,25,20,25,70,25,85,75,190,20,25,40,85,380,40,20,30,90,30,30,20,80,50,100,75,225,15,25,25,65,450,30,5,20,55,35,20,15,70,15,35,50,175
Ukraine,120,50,60,230,65,85,95,240,145,375,250,765,95,95,135,320,"1,455",165,125,120,405,110,140,155,400,155,455,270,880,85,120,165,365,"1,910",100,65,70,235,85,160,125,375,170,550,305,"1,025",105,120,105,325,"1,845",140,70,70,280,130,110,150,390,115,480,175,770,85,110,135,325,"1,685",140,50,115,305,75,115,105,290,130,460,185,775,75,70,80,225,"1,535",100,45,50,190,70,105,55,230,55,165,220,625
United Arab Emirates,5,--,--,10,--,5,--,10,--,10,10,25,5,--,--,10,55,0,--,0,--,--,--,--,5,5,5,15,25,--,--,--,5,40,--,--,--,5,--,--,--,--,--,10,10,25,--,0,--,--,40,5,0,--,10,--,--,--,5,--,15,--,20,--,--,--,10,45,--,--,--,5,--,--,--,--,--,15,10,25,--,--,--,5,40,5,0,--,5,0,--,5,10,--,--,--,15
United Kingdom and Overseas Territories,85,55,45,185,50,55,95,195,135,770,570,"1,475",60,60,90,205,"2,030",110,70,70,250,65,95,110,270,120,850,530,"1,500",75,65,110,250,"2,215",105,65,40,210,55,75,80,205,135,985,520,"1,640",90,75,100,265,"2,280",85,35,50,170,60,75,100,235,95,940,345,"1,380",90,70,115,275,"2,025",110,60,55,220,60,60,75,195,105,975,295,"1,375",80,50,65,195,"1,960",70,30,35,135,45,65,35,145,65,180,240,510
United States Minor Outlying Islands,0,0,0,0,0,0,0,0,0,0,0,0,0,0,0,0,0,0,0,0,0,0,0,0,0,0,0,0,0,0,0,0,0,0,0,0,0,0,0,0,0,0,0,0,0,0,0,0,0,0,0,0,0,0,0,0,0,0,0,0,0,0,0,0,0,0,0,0,0,0,0,0,0,0,0,0,0,--,0,--,0,0,0,0,--,0,0,0,0,0,0,0,0,0,0,0,0
United States of America,260,110,115,480,145,185,260,590,595,"2,390","1,095","4,055",245,190,260,690,"5,660",325,165,180,665,210,275,410,890,440,"2,455","1,175","4,050",255,240,305,800,"6,230",320,145,155,610,190,275,365,825,605,"3,045","1,280","4,900",305,205,265,775,"6,930",330,140,135,595,180,250,450,880,530,"2,895",945,"4,345",320,300,265,885,"6,545",400,145,205,740,225,265,365,850,675,"3,040",895,"4,600",275,195,235,700,"6,745",335,150,125,600,30,590,345,960,300,845,"1,150","2,650"
Uruguay,--,0,0,--,--,0,0,--,--,--,--,10,0,0,--,--,10,0,--,--,--,--,--,--,5,--,5,--,10,0,0,0,0,15,--,--,--,5,--,--,5,10,--,10,--,10,--,0,--,5,30,--,--,0,5,--,--,--,10,0,10,5,15,--,0,5,5,35,5,0,--,10,--,5,--,10,--,20,--,25,0,--,--,5,50,10,--,0,10,--,--,--,5,--,5,10,25
Uzbekistan,--,--,0,--,--,--,--,5,5,10,5,20,--,--,0,--,30,5,--,--,10,--,--,--,5,--,10,--,15,0,--,--,5,35,--,5,5,10,0,--,0,--,--,5,--,10,0,--,--,5,25,--,--,0,--,--,--,--,5,--,--,--,10,--,--,--,5,25,--,0,--,--,0,--,--,5,--,10,5,20,0,--,--,10,35,--,--,--,10,0,--,--,5,0,--,--,15
Vanuatu,0,0,0,0,0,0,0,0,0,0,0,0,0,0,0,0,0,0,0,0,0,0,0,0,0,0,0,0,0,0,0,0,0,0,0,0,0,0,0,0,0,0,0,0,0,0,0,0,0,0,0,0,0,0,0,0,0,0,0,--,0,--,--,--,0,0,--,--,0,0,0,0,0,0,--,--,0,--,0,--,0,0,--,--,--,0,0,0,0,0,0,--,--,0,0,0,--
Venezuela,205,105,90,400,120,85,85,290,170,255,220,640,110,115,140,365,"1,510",165,105,100,370,100,140,135,365,110,205,175,490,90,110,120,320,"1,410",145,70,70,280,75,100,90,265,110,215,185,505,105,70,75,250,"1,185",100,55,45,200,75,80,85,240,55,145,70,265,45,50,65,160,815,60,35,55,150,40,55,55,150,75,115,75,265,35,30,30,95,630,50,25,30,110,45,60,25,130,20,125,140,365
Vietnam,180,135,120,425,145,145,190,480,360,640,395,"1,385",195,200,300,690,"2,830",250,290,210,745,255,360,425,"1,035",375,"1,175",540,"2,080",410,345,885,"1,635","5,320",510,445,355,"1,310",590,425,480,"1,500",565,"3,515","1,165","5,245",670,445,965,"2,075","9,865",620,470,405,"1,495","1,140",750,"1,145","3,025",965,"3,335","1,245","5,540",910,780,965,"2,650","12,365",865,595,680,"2,135",810,830,870,"2,500","1,270","3,095","1,265","5,620",580,515,810,"1,910","11,645",810,385,350,"1,540",915,"2,240","1,325","4,400",735,615,"1,350","7,100"
Western Sahara,0,0,0,0,0,0,0,0,0,0,0,0,0,0,0,0,0,0,0,0,0,0,0,0,0,0,0,0,0,0,0,0,0,0,0,0,0,0,0,0,0,0,0,0,0,0,0,0,0,0,0,--,0,--,--,0,0,--,--,0,--,0,--,0,0,0,0,--,0,0,0,0,0,0,0,0,0,0,0,0,0,0,0,0,0,0,0,--,--,0,0,0,0,0,0,0,--
Yemen,15,15,5,35,15,10,10,30,20,20,25,65,10,15,20,45,165,15,15,15,40,20,20,15,55,15,25,35,75,10,10,20,40,200,10,10,15,35,10,20,10,40,25,40,40,100,25,30,35,90,255,35,15,10,55,20,20,25,65,15,40,30,85,20,30,20,70,265,25,20,25,65,10,25,30,65,30,55,30,110,15,5,20,40,275,15,10,20,45,30,40,15,85,25,15,45,170
Zambia,15,5,5,25,10,--,5,20,10,35,20,60,--,5,10,15,120,15,10,5,35,--,10,5,15,10,25,10,40,10,15,10,35,115,5,--,5,15,--,15,5,20,--,35,20,55,10,5,15,30,120,5,--,--,15,5,--,5,15,5,35,15,60,5,10,20,35,115,15,5,5,25,20,5,10,35,10,30,15,55,5,--,15,20,130,15,--,5,20,5,10,--,20,5,15,20,60
Zimbabwe,20,10,5,35,15,20,15,50,15,85,70,170,10,20,55,80,330,35,15,15,65,45,40,25,115,25,125,100,250,15,20,40,75,495,40,5,15,60,20,35,15,65,25,120,80,225,35,30,35,95,435,35,20,20,75,30,35,20,85,25,115,55,195,20,35,30,90,425,45,15,25,80,25,25,20,70,35,100,40,175,20,10,20,50,355,30,15,15,60,15,20,5,35,15,60,80,170
Other Countries,--,--,--,5,--,--,5,10,--,--,0,10,--,--,--,--,25,--,5,--,10,--,--,--,10,--,--,--,5,--,--,--,5,30,0,--,5,5,--,5,--,15,5,5,5,15,--,--,0,5,40,--,0,--,--,--,5,0,10,0,0,0,0,0,0,0,0,10,0,0,0,0,0,0,0,0,0,0,0,0,0,0,0,0,0,0,0,0,0,0,0,0,0,0,0,0,0
Country of Citizenship not stated,--,--,--,5,--,--,--,5,10,10,--,20,0,0,0,0,30,0,0,0,0,0,0,0,0,0,--,0,--,0,0,0,0,--,0,0,0,0,0,0,0,0,0,--,0,--,0,0,0,0,--,0,0,0,0,0,0,0,0,0,0,0,0,0,0,0,0,0,0,0,0,0,0,--,--,--,--,--,0,--,0,0,0,0,5,0,0,0,0,0,0,0,0,0,0,0,0
Total unique persons,"13,520","8,630","7,945","30,010","11,435","11,175","11,905","34,445","24,390","61,490","33,035","118,625","11,500","11,400","21,775","44,580","219,045","17,910","13,040","11,455","42,195","14,935","19,675","21,505","55,685","17,135","64,450","36,335","117,715","14,290","14,930","31,045","60,085","264,305","17,955","10,435","11,275","39,585","16,245","19,120","17,115","52,430","25,305","89,200","44,765","158,975","19,280","17,200","40,975","77,255","315,095","24,345","11,770","14,235","50,245","31,280","23,750","29,195","83,860","26,175","89,865","38,585","154,510","17,415","20,810","41,250","79,400","354,685","28,925","15,555","20,100","64,295","32,030","27,805","23,780","83,375","32,530","112,775","43,795","188,840","14,995","12,555","49,755","77,290","401,995","25,325","11,540","11,045","47,895","18,850","30,575","15,895","64,475","13,355","40,130","53,430","161,875"
,,,,,,,,,,,,,,,,,,,,,,,,,,,,,,,,,,,,,,,,,,,,,,,,,,,,,,,,,,,,,,,,,,,,,,,,,,,,,,,,,,,,,,,,,,,,,,,,,
"Notes: 
— Please note that all values between 0 and 5 are shown as “--”. This is done to prevent individuals from being identified when IRCC data is compiled and compared to other publicly available statistics. All other values are rounded to the closest multiple of 5 for the same reason; as a result of rounding, data may not sum to the totals indicated.
— Data are preliminary estimates and are subject to change
— The total unique count may not equal to the sum of permit holders in each program as an individual may hold more than one type of permit over a given period.
— The table on Temporary Residents (TR) has been revised to reflect the June 20, 2014 overhaul of the Temporary Foreign Worker Program (TFWP). The reporting methodology has also been revised to count TRs, which includes Foreign Workers and International Students, based on the type of permit held by a TR (effective from the date that the permit was signed, or a valid permit at the end of a given year). As a result of the changes above, the reports for each permit holder type has been separated in order to enhance clarity.",,,,,,,,,,,,,,,,,,,,,,,,,,,,,,,,,,,,,,,,,,,,,,,,,,,,,,,,,,,,,,,,,,,,,,,,,,,,,,,,,,,,,,,,,,,,,,,,,
,,,,,,,,,,,,,,,,,,,,,,,,,,,,,,,,,,,,,,,,,,,,,,,,,,,,,,,,,,,,,,,,,,,,,,,,,,,,,,,,,,,,,,,,,,,,,,,,,
"For further information, please refer to the Facts and Figures 2015 – Immigration overview: Temporary residents overview, and the glossary of terms and concepts.",,,,,,,,,,,,,,,,,,,,,,,,,,,,,,,,,,,,,,,,,,,,,,,,,,,,,,,,,,,,,,,,,,,,,,,,,,,,,,,,,,,,,,,,,,,,,,,,,
,,,,,,,,,,,,,,,,,,,,,,,,,,,,,,,,,,,,,,,,,,,,,,,,,,,,,,,,,,,,,,,,,,,,,,,,,,,,,,,,,,,,,,,,,,,,,,,,,
"Source: IRCC, August 31, 2020",,,,,,,,,,,,,,,,,,,,,,,,,,,,,,,,,,,,,,,,,,,,,,,,,,,,,,,,,,,,,,,,,,,,,,,,,,,,,,,,,,,,,,,,,,,,,,,,,
,,,,,,,,,,,,,,,,,,,,,,,,,,,,,,,,,,,,,,,,,,,,,,,,,,,,,,,,,,,,,,,,,,,,,,,,,,,,,,,,,,,,,,,,,,,,,,,,,